"cluster","intercept_baseline","x_baseline","retained_before_truncation_baseline","intercept_observed","x_observed","retained_before_truncation_observed","contamination","dataset_id","engine","variant","intercept_absolute_difference","x_absolute_difference","retention_changed"
"1",-1.71505983716199,-0.0354966117759601,TRUE,-1.71505983716199,-0.0354966117759601,TRUE,"none",1,"robust","exact_repeat",0,0,FALSE
"10",-1.11706166144008,0.375908323509488,TRUE,-1.11706166144008,0.375908323509488,TRUE,"none",1,"robust","exact_repeat",0,0,FALSE
"2",-1.37391809182223,-0.13941405742807,TRUE,-1.37391809182223,-0.13941405742807,TRUE,"none",1,"robust","exact_repeat",0,0,FALSE
"3",-1.38919587595103,-0.179727759127613,TRUE,-1.38919587595103,-0.179727759127613,TRUE,"none",1,"robust","exact_repeat",0,0,FALSE
"4",-0.588207770653061,0.234957473179216,TRUE,-0.588207770653061,0.234957473179216,TRUE,"none",1,"robust","exact_repeat",0,0,FALSE
"5",-0.103281155916344,0.0014790834994024,TRUE,-0.103281155916344,0.0014790834994024,TRUE,"none",1,"robust","exact_repeat",0,0,FALSE
"6",0.323982472118521,-0.227943621688185,TRUE,0.323982472118521,-0.227943621688185,TRUE,"none",1,"robust","exact_repeat",0,0,FALSE
"7",-0.741776826167533,-0.0437799783227538,TRUE,-0.741776826167533,-0.0437799783227538,TRUE,"none",1,"robust","exact_repeat",0,0,FALSE
"8",-1.10877001936517,0.0982350889136791,TRUE,-1.10877001936517,0.0982350889136791,TRUE,"none",1,"robust","exact_repeat",0,0,FALSE
"9",-1.45446971975967,-0.450397898871775,TRUE,-1.45446971975967,-0.450397898871775,TRUE,"none",1,"robust","exact_repeat",0,0,FALSE
"1",-1.71505983716199,-0.0354966117759601,TRUE,-1.71505983720961,-0.035496611788821,TRUE,"none",1,"robust","within_cluster_row_order",4.76167993923582e-11,1.28608720895151e-11,FALSE
"10",-1.11706166144008,0.375908323509488,TRUE,-1.11706166144008,0.375908323509489,TRUE,"none",1,"robust","within_cluster_row_order",0,5.55111512312578e-17,FALSE
"2",-1.37391809182223,-0.13941405742807,TRUE,-1.37391809030818,-0.139414056552634,TRUE,"none",1,"robust","within_cluster_row_order",1.51405621373613e-09,8.75435807179414e-10,FALSE
"3",-1.38919587595103,-0.179727759127613,TRUE,-1.38919626449495,-0.179727605238301,TRUE,"none",1,"robust","within_cluster_row_order",3.88543914597861e-07,1.53889312876077e-07,FALSE
"4",-0.588207770653061,0.234957473179216,TRUE,-0.58820861982414,0.234957245874092,TRUE,"none",1,"robust","within_cluster_row_order",8.49171079231326e-07,2.27305124139709e-07,FALSE
"5",-0.103281155916344,0.0014790834994024,TRUE,-0.103281050584341,0.00147901676713247,TRUE,"none",1,"robust","within_cluster_row_order",1.05332003064174e-07,6.67322699325797e-08,FALSE
"6",0.323982472118521,-0.227943621688185,TRUE,0.323982520015726,-0.227943659564352,TRUE,"none",1,"robust","within_cluster_row_order",4.78972053685744e-08,3.7876167258144e-08,FALSE
"7",-0.741776826167533,-0.0437799783227538,TRUE,-0.741776686559349,-0.0437800158758694,TRUE,"none",1,"robust","within_cluster_row_order",1.39608184457352e-07,3.75531155893949e-08,FALSE
"8",-1.10877001936517,0.0982350889136791,TRUE,-1.10877001932502,0.0982350888203346,TRUE,"none",1,"robust","within_cluster_row_order",4.01567668006919e-11,9.33444849193776e-11,FALSE
"9",-1.45446971975967,-0.450397898871775,TRUE,-1.45446164882904,-0.450399888073168,TRUE,"none",1,"robust","within_cluster_row_order",8.07093063004416e-06,1.98920139260483e-06,FALSE
"1",-1.71505983716199,-0.0354966117759601,TRUE,-1.71505983716199,-0.0354966117759601,TRUE,"none",1,"robust","cluster_block_order",0,0,FALSE
"10",-1.11706166144008,0.375908323509488,TRUE,-1.11706166144008,0.375908323509488,TRUE,"none",1,"robust","cluster_block_order",0,0,FALSE
"2",-1.37391809182223,-0.13941405742807,TRUE,-1.37391809182223,-0.13941405742807,TRUE,"none",1,"robust","cluster_block_order",0,0,FALSE
"3",-1.38919587595103,-0.179727759127613,TRUE,-1.38919587595103,-0.179727759127613,TRUE,"none",1,"robust","cluster_block_order",0,0,FALSE
"4",-0.588207770653061,0.234957473179216,TRUE,-0.588207770653061,0.234957473179216,TRUE,"none",1,"robust","cluster_block_order",0,0,FALSE
"5",-0.103281155916344,0.0014790834994024,TRUE,-0.103281155916344,0.0014790834994024,TRUE,"none",1,"robust","cluster_block_order",0,0,FALSE
"6",0.323982472118521,-0.227943621688185,TRUE,0.323982472118521,-0.227943621688185,TRUE,"none",1,"robust","cluster_block_order",0,0,FALSE
"7",-0.741776826167533,-0.0437799783227538,TRUE,-0.741776826167533,-0.0437799783227538,TRUE,"none",1,"robust","cluster_block_order",0,0,FALSE
"8",-1.10877001936517,0.0982350889136791,TRUE,-1.10877001936517,0.0982350889136791,TRUE,"none",1,"robust","cluster_block_order",0,0,FALSE
"9",-1.45446971975967,-0.450397898871775,TRUE,-1.45446971975967,-0.450397898871775,TRUE,"none",1,"robust","cluster_block_order",0,0,FALSE
"1",-1.71505983716199,-0.0354966117759601,TRUE,-1.71505983755516,-0.0354966118821532,TRUE,"none",1,"robust","global_row_order",3.9316883082563e-10,1.06193082105577e-10,FALSE
"10",-1.11706166144008,0.375908323509488,TRUE,-1.11706166144008,0.375908323509488,TRUE,"none",1,"robust","global_row_order",0,5.55111512312578e-17,FALSE
"2",-1.37391809182223,-0.13941405742807,TRUE,-1.37391800086025,-0.139414004833334,TRUE,"none",1,"robust","global_row_order",9.09619850553156e-08,5.25947358442913e-08,FALSE
"3",-1.38919587595103,-0.179727759127613,TRUE,-1.38919620284956,-0.179727629653977,TRUE,"none",1,"robust","global_row_order",3.26898529134922e-07,1.29473636756305e-07,FALSE
"4",-0.588207770653061,0.234957473179216,TRUE,-0.588207710656088,0.234957489238973,TRUE,"none",1,"robust","global_row_order",5.99969723902305e-08,1.60597574405674e-08,FALSE
"5",-0.103281155916344,0.0014790834994024,TRUE,-0.103281215268061,0.00147912110070596,TRUE,"none",1,"robust","global_row_order",5.93517174574121e-08,3.76013035623211e-08,FALSE
"6",0.323982472118521,-0.227943621688185,TRUE,0.323982420924818,-0.227943581205213,TRUE,"none",1,"robust","global_row_order",5.11937025549081e-08,4.04829723354982e-08,FALSE
"7",-0.741776826167533,-0.0437799783227538,TRUE,-0.74177688428685,-0.0437799626892764,TRUE,"none",1,"robust","global_row_order",5.81193161375282e-08,1.56334773945832e-08,FALSE
"8",-1.10877001936517,0.0982350889136791,TRUE,-1.10877001774835,0.0982350851553829,TRUE,"none",1,"robust","global_row_order",1.61682645050121e-09,3.75829618814993e-09,FALSE
"9",-1.45446971975967,-0.450397898871775,TRUE,-1.45447020571107,-0.45039777898712,TRUE,"none",1,"robust","global_row_order",4.85951400230888e-07,1.19884654647961e-07,FALSE
"1",-1.73435448810957,0.0128060091011391,TRUE,-1.73435448810957,0.0128060091011391,TRUE,"none",1,"robustbase","exact_repeat",0,0,FALSE
"10",-1.12297869365524,0.379581494530374,TRUE,-1.12297869365524,0.379581494530374,TRUE,"none",1,"robustbase","exact_repeat",0,0,FALSE
"2",-1.36143841958342,-0.124090623860287,TRUE,-1.36143841958342,-0.124090623860287,TRUE,"none",1,"robustbase","exact_repeat",0,0,FALSE
"3",-1.37272939597792,-0.225935874279998,TRUE,-1.37272939597792,-0.225935874279998,TRUE,"none",1,"robustbase","exact_repeat",0,0,FALSE
"4",-0.612894338941356,0.217609923441691,TRUE,-0.612894338941356,0.217609923441691,TRUE,"none",1,"robustbase","exact_repeat",0,0,FALSE
"5",-0.137458046825527,-0.008224082176216,TRUE,-0.137458046825527,-0.008224082176216,TRUE,"none",1,"robustbase","exact_repeat",0,0,FALSE
"6",0.3238553291067,-0.228741555695706,TRUE,0.3238553291067,-0.228741555695706,TRUE,"none",1,"robustbase","exact_repeat",0,0,FALSE
"7",-0.776551199341538,-0.0153314120002824,TRUE,-0.776551199341538,-0.0153314120002824,TRUE,"none",1,"robustbase","exact_repeat",0,0,FALSE
"8",-1.1259861175461,0.103539106127108,TRUE,-1.1259861175461,0.103539106127108,TRUE,"none",1,"robustbase","exact_repeat",0,0,FALSE
"9",-1.53629403273157,-0.229990413487965,TRUE,-1.53629403273157,-0.229990413487965,TRUE,"none",1,"robustbase","exact_repeat",0,0,FALSE
"1",-1.73435448810957,0.0128060091011391,TRUE,-1.73435448810957,0.0128060091011391,TRUE,"none",1,"robustbase","within_cluster_row_order",2.22044604925031e-16,4.16333634234434e-17,FALSE
"10",-1.12297869365524,0.379581494530374,TRUE,-1.12297869365525,0.379581494530378,TRUE,"none",1,"robustbase","within_cluster_row_order",3.5527136788005e-15,4.71844785465692e-15,FALSE
"2",-1.36143841958342,-0.124090623860287,TRUE,-1.36143841959393,-0.124090623862162,TRUE,"none",1,"robustbase","within_cluster_row_order",1.0511591597151e-11,1.87473647716985e-12,FALSE
"3",-1.37272939597792,-0.225935874279998,TRUE,-1.37272940077234,-0.225935878521177,TRUE,"none",1,"robustbase","within_cluster_row_order",4.7944199721428e-09,4.24117924113787e-09,FALSE
"4",-0.612894338941356,0.217609923441691,TRUE,-0.612894338505181,0.217609923650845,TRUE,"none",1,"robustbase","within_cluster_row_order",4.3617442990751e-10,2.09153583341504e-10,FALSE
"5",-0.137458046825527,-0.008224082176216,TRUE,-0.137458046824439,-0.00822408218749615,TRUE,"none",1,"robustbase","within_cluster_row_order",1.08804631970827e-12,1.12801556290121e-11,FALSE
"6",0.3238553291067,-0.228741555695706,TRUE,0.323855329106028,-0.2287415556952,TRUE,"none",1,"robustbase","within_cluster_row_order",6.71518396444526e-13,5.06095165775378e-13,FALSE
"7",-0.776551199341538,-0.0153314120002824,TRUE,-0.776551199341537,-0.0153314120002824,TRUE,"none",1,"robustbase","within_cluster_row_order",6.66133814775094e-16,5.03069808033274e-17,FALSE
"8",-1.1259861175461,0.103539106127108,TRUE,-1.12598611754265,0.103539106124175,TRUE,"none",1,"robustbase","within_cluster_row_order",3.44546613462171e-12,2.93312596433282e-12,FALSE
"9",-1.53629403273157,-0.229990413487965,TRUE,-1.53629404164863,-0.229990402441991,TRUE,"none",1,"robustbase","within_cluster_row_order",8.9170564265828e-09,1.10459743296598e-08,FALSE
"1",-1.73435448810957,0.0128060091011391,TRUE,-1.73435448810957,0.0128060091011391,TRUE,"none",1,"robustbase","cluster_block_order",0,0,FALSE
"10",-1.12297869365524,0.379581494530374,TRUE,-1.12297869365525,0.379581494530379,TRUE,"none",1,"robustbase","cluster_block_order",2.66453525910038e-15,4.82947015711943e-15,FALSE
"2",-1.36143841958342,-0.124090623860287,TRUE,-1.36143841959393,-0.124090623862162,TRUE,"none",1,"robustbase","cluster_block_order",1.05111475079411e-11,1.87476423274546e-12,FALSE
"3",-1.37272939597792,-0.225935874279998,TRUE,-1.37272939597792,-0.225935874279998,TRUE,"none",1,"robustbase","cluster_block_order",0,0,FALSE
"4",-0.612894338941356,0.217609923441691,TRUE,-0.612894338736826,0.217609923539767,TRUE,"none",1,"robustbase","cluster_block_order",2.04529282399335e-10,9.80752146162445e-11,FALSE
"5",-0.137458046825527,-0.008224082176216,TRUE,-0.137458046825527,-0.008224082176216,TRUE,"none",1,"robustbase","cluster_block_order",0,0,FALSE
"6",0.3238553291067,-0.228741555695706,TRUE,0.3238553291067,-0.228741555695706,TRUE,"none",1,"robustbase","cluster_block_order",0,0,FALSE
"7",-0.776551199341538,-0.0153314120002824,TRUE,-0.776551199504101,-0.015331411872633,TRUE,"none",1,"robustbase","cluster_block_order",1.62563407180016e-10,1.27649418812936e-10,FALSE
"8",-1.1259861175461,0.103539106127108,TRUE,-1.12598611754357,0.103539106124955,TRUE,"none",1,"robustbase","cluster_block_order",2.52886600549118e-12,2.15259754465791e-12,FALSE
"9",-1.53629403273157,-0.229990413487965,TRUE,-1.53629404495511,-0.229990398346098,TRUE,"none",1,"robustbase","cluster_block_order",1.2223538625733e-08,1.51418666771708e-08,FALSE
"1",-1.73435448810957,0.0128060091011391,TRUE,-1.73435448810957,0.0128060091011391,TRUE,"none",1,"robustbase","global_row_order",4.44089209850063e-16,3.98986399474666e-17,FALSE
"10",-1.12297869365524,0.379581494530374,TRUE,-1.12297869365525,0.379581494530379,TRUE,"none",1,"robustbase","global_row_order",3.5527136788005e-15,5.05151476204446e-15,FALSE
"2",-1.36143841958342,-0.124090623860287,TRUE,-1.36143841959046,-0.124090623861572,TRUE,"none",1,"robustbase","global_row_order",7.04014624375304e-12,1.28519417330608e-12,FALSE
"3",-1.37272939597792,-0.225935874279998,TRUE,-1.37272939442813,-0.225935872909018,TRUE,"none",1,"robustbase","global_row_order",1.5497891858729e-09,1.37097971864009e-09,FALSE
"4",-0.612894338941356,0.217609923441691,TRUE,-0.612894338736827,0.217609923539766,TRUE,"none",1,"robustbase","global_row_order",2.04528949332428e-10,9.80751591050932e-11,FALSE
"5",-0.137458046825527,-0.008224082176216,TRUE,-0.137458046824439,-0.00822408218749616,TRUE,"none",1,"robustbase","global_row_order",1.08815734201073e-12,1.12801660373529e-11,FALSE
"6",0.3238553291067,-0.228741555695706,TRUE,0.323855329106028,-0.228741555695199,TRUE,"none",1,"robustbase","global_row_order",6.71518396444526e-13,5.06372721531534e-13,FALSE
"7",-0.776551199341538,-0.0153314120002824,TRUE,-0.776551199668266,-0.0153314117437281,TRUE,"none",1,"robustbase","global_row_order",3.26728311073055e-10,2.56554371497186e-10,FALSE
"8",-1.1259861175461,0.103539106127108,TRUE,-1.12598611754357,0.103539106124955,TRUE,"none",1,"robustbase","global_row_order",2.52908805009611e-12,2.15272244474818e-12,FALSE
"9",-1.53629403273157,-0.229990413487965,TRUE,-1.53629403273157,-0.229990413487966,TRUE,"none",1,"robustbase","global_row_order",8.88178419700125e-16,5.55111512312578e-16,FALSE
"1",1.04722146812686,0.103903112030261,TRUE,1.04722146812686,0.103903112030261,TRUE,"none",2,"robust","exact_repeat",0,0,FALSE
"10",-1.23284600671823,-0.18703404159288,TRUE,-1.23284600671823,-0.18703404159288,TRUE,"none",2,"robust","exact_repeat",0,0,FALSE
"2",0.719554944143388,0.263042937074982,TRUE,0.719554944143388,0.263042937074982,TRUE,"none",2,"robust","exact_repeat",0,0,FALSE
"3",-1.99885156008098,0.105033487781621,TRUE,-1.99885156008098,0.105033487781621,TRUE,"none",2,"robust","exact_repeat",0,0,FALSE
"4",1.67142436382936,-0.313537485650185,TRUE,1.67142436382936,-0.313537485650185,TRUE,"none",2,"robust","exact_repeat",0,0,FALSE
"5",0.862311285612127,-0.0638824977221475,TRUE,0.862311285612127,-0.0638824977221475,TRUE,"none",2,"robust","exact_repeat",0,0,FALSE
"6",0.352395356049097,-0.00888417390020142,TRUE,0.352395356049097,-0.00888417390020142,TRUE,"none",2,"robust","exact_repeat",0,0,FALSE
"7",-0.806927950709761,-0.0156869505810342,TRUE,-0.806927950709761,-0.0156869505810342,TRUE,"none",2,"robust","exact_repeat",0,0,FALSE
"8",-1.6082004263024,0.192131652167485,TRUE,-1.6082004263024,0.192131652167485,TRUE,"none",2,"robust","exact_repeat",0,0,FALSE
"9",2.61139773238567,-0.333884222352567,TRUE,2.61139773238567,-0.333884222352567,TRUE,"none",2,"robust","exact_repeat",0,0,FALSE
"1",1.04722146812686,0.103903112030261,TRUE,1.04722146974205,0.103903113640978,TRUE,"none",2,"robust","within_cluster_row_order",1.615184874737e-09,1.61071668502988e-09,FALSE
"10",-1.23284600671823,-0.18703404159288,TRUE,-1.23284599825321,-0.187034054783635,TRUE,"none",2,"robust","within_cluster_row_order",8.46501735374261e-09,1.31907552380905e-08,FALSE
"2",0.719554944143388,0.263042937074982,TRUE,0.719554944242062,0.26304293698812,TRUE,"none",2,"robust","within_cluster_row_order",9.86741799380297e-11,8.68617400229255e-11,FALSE
"3",-1.99885156008098,0.105033487781621,TRUE,-1.99885156008098,0.105033487781621,TRUE,"none",2,"robust","within_cluster_row_order",2.22044604925031e-16,1.66533453693773e-16,FALSE
"4",1.67142436382936,-0.313537485650185,TRUE,1.67142435924742,-0.313537488145879,TRUE,"none",2,"robust","within_cluster_row_order",4.5819390503965e-09,2.49569453991683e-09,FALSE
"5",0.862311285612127,-0.0638824977221475,TRUE,0.862311284954536,-0.0638824981566283,TRUE,"none",2,"robust","within_cluster_row_order",6.57591092689813e-10,4.34480756927869e-10,FALSE
"6",0.352395356049097,-0.00888417390020142,TRUE,0.352395355989322,-0.00888417367214321,TRUE,"none",2,"robust","within_cluster_row_order",5.97749072461795e-11,2.28058209469917e-10,FALSE
"7",-0.806927950709761,-0.0156869505810342,TRUE,-0.806927950590787,-0.015686950592964,TRUE,"none",2,"robust","within_cluster_row_order",1.18973941809486e-10,1.19298217138297e-11,FALSE
"8",-1.6082004263024,0.192131652167485,TRUE,-1.60820079427993,0.19213443810455,TRUE,"none",2,"robust","within_cluster_row_order",3.67977529114327e-07,2.78593706545816e-06,FALSE
"9",2.61139773238567,-0.333884222352567,TRUE,2.61139592295827,-0.333883027782482,TRUE,"none",2,"robust","within_cluster_row_order",1.80942739902434e-06,1.19457008485035e-06,FALSE
"1",1.04722146812686,0.103903112030261,TRUE,1.04722146812686,0.103903112030261,TRUE,"none",2,"robust","cluster_block_order",0,0,FALSE
"10",-1.23284600671823,-0.18703404159288,TRUE,-1.23284600671823,-0.18703404159288,TRUE,"none",2,"robust","cluster_block_order",0,0,FALSE
"2",0.719554944143388,0.263042937074982,TRUE,0.719554944143388,0.263042937074982,TRUE,"none",2,"robust","cluster_block_order",0,0,FALSE
"3",-1.99885156008098,0.105033487781621,TRUE,-1.99885156008098,0.105033487781621,TRUE,"none",2,"robust","cluster_block_order",0,0,FALSE
"4",1.67142436382936,-0.313537485650185,TRUE,1.67142436382936,-0.313537485650185,TRUE,"none",2,"robust","cluster_block_order",0,0,FALSE
"5",0.862311285612127,-0.0638824977221475,TRUE,0.862311285612127,-0.0638824977221475,TRUE,"none",2,"robust","cluster_block_order",0,0,FALSE
"6",0.352395356049097,-0.00888417390020142,TRUE,0.352395356049097,-0.00888417390020142,TRUE,"none",2,"robust","cluster_block_order",0,0,FALSE
"7",-0.806927950709761,-0.0156869505810342,TRUE,-0.806927950709761,-0.0156869505810342,TRUE,"none",2,"robust","cluster_block_order",0,0,FALSE
"8",-1.6082004263024,0.192131652167485,TRUE,-1.6082004263024,0.192131652167485,TRUE,"none",2,"robust","cluster_block_order",0,0,FALSE
"9",2.61139773238567,-0.333884222352567,TRUE,2.61139773238567,-0.333884222352567,TRUE,"none",2,"robust","cluster_block_order",0,0,FALSE
"1",1.04722146812686,0.103903112030261,TRUE,1.04722145862543,0.103903102555112,TRUE,"none",2,"robust","global_row_order",9.50143430600292e-09,9.47514963711704e-09,FALSE
"10",-1.23284600671823,-0.18703404159288,TRUE,-1.23284609849122,-0.187033898586062,TRUE,"none",2,"robust","global_row_order",9.17729972016446e-08,1.43006817804325e-07,FALSE
"2",0.719554944143388,0.263042937074982,TRUE,0.719554944075773,0.263042937134503,TRUE,"none",2,"robust","global_row_order",6.7615690824141e-11,5.95211102627502e-11,FALSE
"3",-1.99885156008098,0.105033487781621,TRUE,-1.99885156008098,0.105033487781621,TRUE,"none",2,"robust","global_row_order",2.22044604925031e-16,1.2490009027033e-16,FALSE
"4",1.67142436382936,-0.313537485650185,TRUE,1.67142419538015,-0.313537577401246,TRUE,"none",2,"robust","global_row_order",1.6844921035819e-07,9.17510613041017e-08,FALSE
"5",0.862311285612127,-0.0638824977221475,TRUE,0.86231128488869,-0.0638824982001336,TRUE,"none",2,"robust","global_row_order",7.23436976990399e-10,4.77986039637557e-10,FALSE
"6",0.352395356049097,-0.00888417390020142,TRUE,0.352395356044972,-0.00888417388446299,TRUE,"none",2,"robust","global_row_order",4.12581080411201e-12,1.57384227178481e-11,FALSE
"7",-0.806927950709761,-0.0156869505810342,TRUE,-0.806927969244666,-0.0156869487224261,TRUE,"none",2,"robust","global_row_order",1.85349053882788e-08,1.85860802442983e-09,FALSE
"8",-1.6082004263024,0.192131652167485,TRUE,-1.60820043401282,0.19213171054174,TRUE,"none",2,"robust","global_row_order",7.71041563929487e-09,5.83742555126943e-08,FALSE
"9",2.61139773238567,-0.333884222352567,TRUE,2.61138545816154,-0.333876118960946,TRUE,"none",2,"robust","global_row_order",1.22742241259743e-05,8.10339162071738e-06,FALSE
"1",1.06671774344561,0.102463496978082,TRUE,1.06671774344561,0.102463496978082,TRUE,"none",2,"robustbase","exact_repeat",0,0,FALSE
"10",-1.1870119869454,-0.192160155880896,TRUE,-1.1870119869454,-0.192160155880896,TRUE,"none",2,"robustbase","exact_repeat",0,0,FALSE
"2",0.658014897894885,0.2422354746226,TRUE,0.658014897894885,0.2422354746226,TRUE,"none",2,"robustbase","exact_repeat",0,0,FALSE
"3",-2.00260684550162,0.0913541742851542,TRUE,-2.00260684550162,0.0913541742851542,TRUE,"none",2,"robustbase","exact_repeat",0,0,FALSE
"4",1.64212145005794,-0.35048529392827,TRUE,1.64212145005794,-0.35048529392827,TRUE,"none",2,"robustbase","exact_repeat",0,0,FALSE
"5",0.877074577671815,-0.0983172261215827,TRUE,0.877074577671815,-0.0983172261215827,TRUE,"none",2,"robustbase","exact_repeat",0,0,FALSE
"6",0.345297422275522,0.00784104819441214,TRUE,0.345297422275522,0.00784104819441214,TRUE,"none",2,"robustbase","exact_repeat",0,0,FALSE
"7",-0.69904784277747,0.0313692908749231,TRUE,-0.69904784277747,0.0313692908749231,TRUE,"none",2,"robustbase","exact_repeat",0,0,FALSE
"8",-1.59130502172369,0.258701793792246,TRUE,-1.59130502172369,0.258701793792246,TRUE,"none",2,"robustbase","exact_repeat",0,0,FALSE
"9",2.64573300774476,-0.353940426780185,TRUE,2.64573300774476,-0.353940426780185,TRUE,"none",2,"robustbase","exact_repeat",0,0,FALSE
"1",1.06671774344561,0.102463496978082,TRUE,1.06671774344565,0.102463496978002,TRUE,"none",2,"robustbase","within_cluster_row_order",4.21884749357559e-14,8.02968802560144e-14,FALSE
"10",-1.1870119869454,-0.192160155880896,TRUE,-1.18701198694507,-0.192160155877544,TRUE,"none",2,"robustbase","within_cluster_row_order",3.28848059893971e-13,3.35195760037266e-12,FALSE
"2",0.658014897894885,0.2422354746226,TRUE,0.6580148972348,0.24223547476148,TRUE,"none",2,"robustbase","within_cluster_row_order",6.60084653603121e-10,1.3888046268562e-10,FALSE
"3",-2.00260684550162,0.0913541742851542,TRUE,-2.00260684550544,0.0913541742687266,TRUE,"none",2,"robustbase","within_cluster_row_order",3.82360809680904e-12,1.64276092728954e-11,FALSE
"4",1.64212145005794,-0.35048529392827,TRUE,1.64212145005794,-0.35048529392827,TRUE,"none",2,"robustbase","within_cluster_row_order",8.88178419700125e-16,5.55111512312578e-17,FALSE
"5",0.877074577671815,-0.0983172261215827,TRUE,0.877074577963699,-0.098317227181259,TRUE,"none",2,"robustbase","within_cluster_row_order",2.91884405534404e-10,1.05967633279302e-09,FALSE
"6",0.345297422275522,0.00784104819441214,TRUE,0.345297422275521,0.00784104819441305,TRUE,"none",2,"robustbase","within_cluster_row_order",9.99200722162641e-16,9.0205620750794e-16,FALSE
"7",-0.69904784277747,0.0313692908749231,TRUE,-0.69904784268675,0.0313692908849433,TRUE,"none",2,"robustbase","within_cluster_row_order",9.07199870781028e-11,1.00202277031336e-11,FALSE
"8",-1.59130502172369,0.258701793792246,TRUE,-1.59130502172369,0.258701793792246,TRUE,"none",2,"robustbase","within_cluster_row_order",1.11022302462516e-15,1.66533453693773e-16,FALSE
"9",2.64573300774476,-0.353940426780185,TRUE,2.64573300638369,-0.353940426495362,TRUE,"none",2,"robustbase","within_cluster_row_order",1.36107169979027e-09,2.84823220564334e-10,FALSE
"1",1.06671774344561,0.102463496978082,TRUE,1.06671774344542,0.102463496978183,TRUE,"none",2,"robustbase","cluster_block_order",1.90292226420752e-13,1.0083600621158e-13,FALSE
"10",-1.1870119869454,-0.192160155880896,TRUE,-1.18701198694507,-0.192160155877544,TRUE,"none",2,"robustbase","cluster_block_order",3.28181926079196e-13,3.35195760037266e-12,FALSE
"2",0.658014897894885,0.2422354746226,TRUE,0.658014894384505,0.242235475361176,TRUE,"none",2,"robustbase","cluster_block_order",3.51037998669312e-09,7.38576616532427e-10,FALSE
"3",-2.00260684550162,0.0913541742851542,TRUE,-2.00260684550544,0.0913541742687266,TRUE,"none",2,"robustbase","cluster_block_order",3.82316400759919e-12,1.6427567639532e-11,FALSE
"4",1.64212145005794,-0.35048529392827,TRUE,1.64212145005734,-0.350485293928126,TRUE,"none",2,"robustbase","cluster_block_order",6.0507154842071e-13,1.44106948596345e-13,FALSE
"5",0.877074577671815,-0.0983172261215827,TRUE,0.877074578163095,-0.0983172279051622,TRUE,"none",2,"robustbase","cluster_block_order",4.91280238712477e-10,1.78357949243146e-09,FALSE
"6",0.345297422275522,0.00784104819441214,TRUE,0.345297422275521,0.00784104819441305,TRUE,"none",2,"robustbase","cluster_block_order",1.0547118733939e-15,9.0205620750794e-16,FALSE
"7",-0.69904784277747,0.0313692908749231,TRUE,-0.69904784277747,0.0313692908749231,TRUE,"none",2,"robustbase","cluster_block_order",0,0,FALSE
"8",-1.59130502172369,0.258701793792246,TRUE,-1.59130502172369,0.258701793792246,TRUE,"none",2,"robustbase","cluster_block_order",0,0,FALSE
"9",2.64573300774476,-0.353940426780185,TRUE,2.64573300638369,-0.353940426495362,TRUE,"none",2,"robustbase","cluster_block_order",1.36106947934422e-09,2.84823387097788e-10,FALSE
"1",1.06671774344561,0.102463496978082,TRUE,1.06671774344542,0.102463496978183,TRUE,"none",2,"robustbase","global_row_order",1.90514271025677e-13,1.00738861696925e-13,FALSE
"10",-1.1870119869454,-0.192160155880896,TRUE,-1.1870119869454,-0.192160155880896,TRUE,"none",2,"robustbase","global_row_order",2.22044604925031e-16,8.32667268468867e-17,FALSE
"2",0.658014897894885,0.2422354746226,TRUE,0.658014894271985,0.24223547538485,TRUE,"none",2,"robustbase","global_row_order",3.62289964694895e-09,7.62250429442446e-10,FALSE
"3",-2.00260684550162,0.0913541742851542,TRUE,-2.00260684550544,0.0913541742687268,TRUE,"none",2,"robustbase","global_row_order",3.82316400759919e-12,1.64274011060783e-11,FALSE
"4",1.64212145005794,-0.35048529392827,TRUE,1.64212145005539,-0.35048529392766,TRUE,"none",2,"robustbase","global_row_order",2.54885001993443e-12,6.09789996275367e-13,FALSE
"5",0.877074577671815,-0.0983172261215827,TRUE,0.877074577671815,-0.0983172261215827,TRUE,"none",2,"robustbase","global_row_order",2.22044604925031e-16,0,FALSE
"6",0.345297422275522,0.00784104819441214,TRUE,0.345297422275521,0.00784104819441306,TRUE,"none",2,"robustbase","global_row_order",1.0547118733939e-15,9.17668718791731e-16,FALSE
"7",-0.69904784277747,0.0313692908749231,TRUE,-0.699047842777471,0.031369290874923,TRUE,"none",2,"robustbase","global_row_order",2.22044604925031e-16,9.0205620750794e-17,FALSE
"8",-1.59130502172369,0.258701793792246,TRUE,-1.59130502172369,0.258701793792246,TRUE,"none",2,"robustbase","global_row_order",2.22044604925031e-16,1.66533453693773e-16,FALSE
"9",2.64573300774476,-0.353940426780185,TRUE,2.64573300723828,-0.353940426674196,TRUE,"none",2,"robustbase","global_row_order",5.06477082495849e-10,1.0598877331347e-10,FALSE
"1",0.867888911050732,0.0346601454541801,TRUE,0.867888911050732,0.0346601454541801,TRUE,"none",3,"robust","exact_repeat",0,0,FALSE
"10",0.180708151092762,-0.097877812334646,TRUE,0.180708151092762,-0.097877812334646,TRUE,"none",3,"robust","exact_repeat",0,0,FALSE
"2",0.000903514241910137,0.0756946403570861,TRUE,0.000903514241910137,0.0756946403570861,TRUE,"none",3,"robust","exact_repeat",0,0,FALSE
"3",1.08881577668678,-0.12657193796516,TRUE,1.08881577668678,-0.12657193796516,TRUE,"none",3,"robust","exact_repeat",0,0,FALSE
"4",0.381539450714425,0.243946575500051,TRUE,0.381539450714425,0.243946575500051,TRUE,"none",3,"robust","exact_repeat",0,0,FALSE
"5",-1.89454048066992,-0.11511898756216,TRUE,-1.89454048066992,-0.11511898756216,TRUE,"none",3,"robust","exact_repeat",0,0,FALSE
"6",-0.0100015826686874,-0.0147067639986814,TRUE,-0.0100015826686874,-0.0147067639986814,TRUE,"none",3,"robust","exact_repeat",0,0,FALSE
"7",1.92356829024917,0.162751590296044,TRUE,1.92356829024917,0.162751590296044,TRUE,"none",3,"robust","exact_repeat",0,0,FALSE
"8",-0.264125955108186,-0.016034663104728,TRUE,-0.264125955108186,-0.016034663104728,TRUE,"none",3,"robust","exact_repeat",0,0,FALSE
"9",-0.0989714393506102,-0.127984363993243,TRUE,-0.0989714393506102,-0.127984363993243,TRUE,"none",3,"robust","exact_repeat",0,0,FALSE
"1",0.867888911050732,0.0346601454541801,TRUE,0.867888912127172,0.0346601449135857,TRUE,"none",3,"robust","within_cluster_row_order",1.07644071434265e-09,5.40594416453821e-10,FALSE
"10",0.180708151092762,-0.097877812334646,TRUE,0.180708151092762,-0.0978778123346459,TRUE,"none",3,"robust","within_cluster_row_order",0,1.11022302462516e-16,FALSE
"2",0.000903514241910137,0.0756946403570861,TRUE,0.00090352404981351,0.0756946265607771,TRUE,"none",3,"robust","within_cluster_row_order",9.80790337324917e-09,1.37963090812709e-08,FALSE
"3",1.08881577668678,-0.12657193796516,TRUE,1.08881538373944,-0.126571741903833,TRUE,"none",3,"robust","within_cluster_row_order",3.92947333560656e-07,1.9606132645178e-07,FALSE
"4",0.381539450714425,0.243946575500051,TRUE,0.381539450713941,0.243946575501194,TRUE,"none",3,"robust","within_cluster_row_order",4.83335593770562e-13,1.14255827021736e-12,FALSE
"5",-1.89454048066992,-0.11511898756216,TRUE,-1.89454047834763,-0.115118986654919,TRUE,"none",3,"robust","within_cluster_row_order",2.3222923584143e-09,9.07240768621698e-10,FALSE
"6",-0.0100015826686874,-0.0147067639986814,TRUE,-0.0100013660021605,-0.0147065445596294,TRUE,"none",3,"robust","within_cluster_row_order",2.16666526872689e-07,2.1943905198496e-07,FALSE
"7",1.92356829024917,0.162751590296044,TRUE,1.92356919892733,0.162750279635131,TRUE,"none",3,"robust","within_cluster_row_order",9.0867816426865e-07,1.31066091299537e-06,FALSE
"8",-0.264125955108186,-0.016034663104728,TRUE,-0.264125745930202,-0.0160347205330111,TRUE,"none",3,"robust","within_cluster_row_order",2.0917798437825e-07,5.74282830838324e-08,FALSE
"9",-0.0989714393506102,-0.127984363993243,TRUE,-0.0989714328650721,-0.127984369719363,TRUE,"none",3,"robust","within_cluster_row_order",6.48553809268204e-09,5.72611952298629e-09,FALSE
"1",0.867888911050732,0.0346601454541801,TRUE,0.867888911050732,0.0346601454541801,TRUE,"none",3,"robust","cluster_block_order",0,0,FALSE
"10",0.180708151092762,-0.097877812334646,TRUE,0.180708151092762,-0.097877812334646,TRUE,"none",3,"robust","cluster_block_order",0,0,FALSE
"2",0.000903514241910137,0.0756946403570861,TRUE,0.000903514241910137,0.0756946403570861,TRUE,"none",3,"robust","cluster_block_order",0,0,FALSE
"3",1.08881577668678,-0.12657193796516,TRUE,1.08881577668678,-0.12657193796516,TRUE,"none",3,"robust","cluster_block_order",0,0,FALSE
"4",0.381539450714425,0.243946575500051,TRUE,0.381539450714425,0.243946575500051,TRUE,"none",3,"robust","cluster_block_order",0,0,FALSE
"5",-1.89454048066992,-0.11511898756216,TRUE,-1.89454048066992,-0.11511898756216,TRUE,"none",3,"robust","cluster_block_order",0,0,FALSE
"6",-0.0100015826686874,-0.0147067639986814,TRUE,-0.0100015826686874,-0.0147067639986814,TRUE,"none",3,"robust","cluster_block_order",0,0,FALSE
"7",1.92356829024917,0.162751590296044,TRUE,1.92356829024917,0.162751590296044,TRUE,"none",3,"robust","cluster_block_order",0,0,FALSE
"8",-0.264125955108186,-0.016034663104728,TRUE,-0.264125955108186,-0.016034663104728,TRUE,"none",3,"robust","cluster_block_order",0,0,FALSE
"9",-0.0989714393506102,-0.127984363993243,TRUE,-0.0989714393506102,-0.127984363993243,TRUE,"none",3,"robust","cluster_block_order",0,0,FALSE
"1",0.867888911050732,0.0346601454541801,TRUE,0.867888911130167,0.0346601454142872,TRUE,"none",3,"robust","global_row_order",7.94351251443004e-11,3.98928737266324e-11,FALSE
"10",0.180708151092762,-0.097877812334646,TRUE,0.180708151092762,-0.0978778123346461,TRUE,"none",3,"robust","global_row_order",2.77555756156289e-17,2.77555756156289e-17,FALSE
"2",0.000903514241910137,0.0756946403570861,TRUE,0.000903531920348301,0.0756946154896717,TRUE,"none",3,"robust","global_row_order",1.76784381642056e-08,2.48674143915606e-08,FALSE
"3",1.08881577668678,-0.12657193796516,TRUE,1.08881534296586,-0.126571721562385,TRUE,"none",3,"robust","global_row_order",4.3372091762528e-07,2.16402774783075e-07,FALSE
"4",0.381539450714425,0.243946575500051,TRUE,0.38153945071452,0.243946575499827,TRUE,"none",3,"robust","global_row_order",9.50350909079134e-14,2.24459340003591e-13,FALSE
"5",-1.89454048066992,-0.11511898756216,TRUE,-1.89454048213144,-0.115118988133125,TRUE,"none",3,"robust","global_row_order",1.46151646340797e-09,5.70964941992713e-10,FALSE
"6",-0.0100015826686874,-0.0147067639986814,TRUE,-0.0100014347425724,-0.0147066141809837,TRUE,"none",3,"robust","global_row_order",1.47926114951041e-07,1.4981769768177e-07,FALSE
"7",1.92356829024917,0.162751590296044,TRUE,1.92356922948832,0.162750235527609,TRUE,"none",3,"robust","global_row_order",9.39239148456394e-07,1.35476843521332e-06,FALSE
"8",-0.264125955108186,-0.016034663104728,TRUE,-0.264125928883916,-0.0160346596297518,TRUE,"none",3,"robust","global_row_order",2.62242699777815e-08,3.47497618527481e-09,FALSE
"9",-0.0989714393506102,-0.127984363993243,TRUE,-0.0989714509534168,-0.127984353749058,TRUE,"none",3,"robust","global_row_order",1.16028066321494e-08,1.02441855831525e-08,FALSE
"1",0.859225850968612,0.0315841295120103,TRUE,0.859225850968612,0.0315841295120103,TRUE,"none",3,"robustbase","exact_repeat",0,0,FALSE
"10",0.173053591021985,-0.115046113935044,TRUE,0.173053591021985,-0.115046113935044,TRUE,"none",3,"robustbase","exact_repeat",0,0,FALSE
"2",0.0297398147463576,0.09677629137962,TRUE,0.0297398147463576,0.09677629137962,TRUE,"none",3,"robustbase","exact_repeat",0,0,FALSE
"3",1.08551894680755,-0.101671466712788,TRUE,1.08551894680755,-0.101671466712788,TRUE,"none",3,"robustbase","exact_repeat",0,0,FALSE
"4",0.402700116154605,0.267700565185099,TRUE,0.402700116154605,0.267700565185099,TRUE,"none",3,"robustbase","exact_repeat",0,0,FALSE
"5",-1.81084717299567,-0.0677482474995032,TRUE,-1.81084717299567,-0.0677482474995032,TRUE,"none",3,"robustbase","exact_repeat",0,0,FALSE
"6",-0.0758673980418576,-0.0222888456138855,TRUE,-0.0758673980418576,-0.0222888456138855,TRUE,"none",3,"robustbase","exact_repeat",0,0,FALSE
"7",1.91605354674483,0.165100043089323,TRUE,1.91605354674483,0.165100043089323,TRUE,"none",3,"robustbase","exact_repeat",0,0,FALSE
"8",-0.177608338545658,0.00694071664335894,TRUE,-0.177608338545658,0.00694071664335894,TRUE,"none",3,"robustbase","exact_repeat",0,0,FALSE
"9",-0.0845430779162814,-0.131550806089695,TRUE,-0.0845430779162814,-0.131550806089695,TRUE,"none",3,"robustbase","exact_repeat",0,0,FALSE
"1",0.859225850968612,0.0315841295120103,TRUE,0.859225850968623,0.0315841295120178,TRUE,"none",3,"robustbase","within_cluster_row_order",1.15463194561016e-14,7.59114993087451e-15,FALSE
"10",0.173053591021985,-0.115046113935044,TRUE,0.173053591021985,-0.115046113935044,TRUE,"none",3,"robustbase","within_cluster_row_order",5.55111512312578e-17,9.71445146547012e-17,FALSE
"2",0.0297398147463576,0.09677629137962,TRUE,0.0297398147463576,0.0967762913796199,TRUE,"none",3,"robustbase","within_cluster_row_order",1.04083408558608e-17,4.16333634234434e-17,FALSE
"3",1.08551894680755,-0.101671466712788,TRUE,1.08551894680755,-0.101671466712787,TRUE,"none",3,"robustbase","within_cluster_row_order",2.22044604925031e-16,1.2490009027033e-16,FALSE
"4",0.402700116154605,0.267700565185099,TRUE,0.402700116154605,0.2677005651851,TRUE,"none",3,"robustbase","within_cluster_row_order",4.44089209850063e-16,7.21644966006352e-16,FALSE
"5",-1.81084717299567,-0.0677482474995032,TRUE,-1.81084717299567,-0.0677482474995033,TRUE,"none",3,"robustbase","within_cluster_row_order",4.44089209850063e-16,1.66533453693773e-16,FALSE
"6",-0.0758673980418576,-0.0222888456138855,TRUE,-0.0758673988514372,-0.0222888440334036,TRUE,"none",3,"robustbase","within_cluster_row_order",8.09579653315851e-10,1.58048188425575e-09,FALSE
"7",1.91605354674483,0.165100043089323,TRUE,1.91605354674483,0.165100043089323,TRUE,"none",3,"robustbase","within_cluster_row_order",4.44089209850063e-16,1.11022302462516e-16,FALSE
"8",-0.177608338545658,0.00694071664335894,TRUE,-0.177608338545658,0.00694071664335888,TRUE,"none",3,"robustbase","within_cluster_row_order",8.32667268468867e-17,5.3776427755281e-17,FALSE
"9",-0.0845430779162814,-0.131550806089695,TRUE,-0.0845430779162813,-0.131550806089695,TRUE,"none",3,"robustbase","within_cluster_row_order",9.71445146547012e-17,0,FALSE
"1",0.859225850968612,0.0315841295120103,TRUE,0.859225850968872,0.0315841295121461,TRUE,"none",3,"robustbase","cluster_block_order",2.60125254669674e-13,1.35842725956792e-13,FALSE
"10",0.173053591021985,-0.115046113935044,TRUE,0.173053591021985,-0.115046113935044,TRUE,"none",3,"robustbase","cluster_block_order",0,0,FALSE
"2",0.0297398147463576,0.09677629137962,TRUE,0.0297398147463578,0.0967762913796201,TRUE,"none",3,"robustbase","cluster_block_order",1.42247325030098e-16,6.93889390390723e-17,FALSE
"3",1.08551894680755,-0.101671466712788,TRUE,1.08551894679347,-0.101671466711619,TRUE,"none",3,"robustbase","cluster_block_order",1.40796263536913e-11,1.1681905442984e-12,FALSE
"4",0.402700116154605,0.267700565185099,TRUE,0.402700116154605,0.267700565185099,TRUE,"none",3,"robustbase","cluster_block_order",2.77555756156289e-16,2.22044604925031e-16,FALSE
"5",-1.81084717299567,-0.0677482474995032,TRUE,-1.81084717299567,-0.0677482474995032,TRUE,"none",3,"robustbase","cluster_block_order",0,0,FALSE
"6",-0.0758673980418576,-0.0222888456138855,TRUE,-0.0758673988514373,-0.0222888440334036,TRUE,"none",3,"robustbase","cluster_block_order",8.09579764338153e-10,1.58048191895022e-09,FALSE
"7",1.91605354674483,0.165100043089323,TRUE,1.91605354674421,0.165100043090199,TRUE,"none",3,"robustbase","cluster_block_order",6.28608276542764e-13,8.75799432975555e-13,FALSE
"8",-0.177608338545658,0.00694071664335894,TRUE,-0.17760833813517,0.00694071548071585,TRUE,"none",3,"robustbase","cluster_block_order",4.10488421032085e-10,1.16264308770708e-09,FALSE
"9",-0.0845430779162814,-0.131550806089695,TRUE,-0.0845430779162814,-0.131550806089695,TRUE,"none",3,"robustbase","cluster_block_order",0,0,FALSE
"1",0.859225850968612,0.0315841295120103,TRUE,0.859225850968613,0.0315841295120103,TRUE,"none",3,"robustbase","global_row_order",6.66133814775094e-16,1.38777878078145e-17,FALSE
"10",0.173053591021985,-0.115046113935044,TRUE,0.173053591021985,-0.115046113935044,TRUE,"none",3,"robustbase","global_row_order",8.32667268468867e-17,4.16333634234434e-17,FALSE
"2",0.0297398147463576,0.09677629137962,TRUE,0.0297398147463575,0.09677629137962,TRUE,"none",3,"robustbase","global_row_order",9.0205620750794e-17,2.77555756156289e-17,FALSE
"3",1.08551894680755,-0.101671466712788,TRUE,1.08551894680755,-0.101671466712787,TRUE,"none",3,"robustbase","global_row_order",2.22044604925031e-16,8.32667268468867e-17,FALSE
"4",0.402700116154605,0.267700565185099,TRUE,0.402700116154605,0.267700565185099,TRUE,"none",3,"robustbase","global_row_order",0,1.11022302462516e-16,FALSE
"5",-1.81084717299567,-0.0677482474995032,TRUE,-1.81084717299571,-0.0677482474995237,TRUE,"none",3,"robustbase","global_row_order",3.30846461338297e-14,2.05252481677576e-14,FALSE
"6",-0.0758673980418576,-0.0222888456138855,TRUE,-0.0758673984855647,-0.0222888447476692,TRUE,"none",3,"robustbase","global_row_order",4.43707126596138e-10,8.66216293138322e-10,FALSE
"7",1.91605354674483,0.165100043089323,TRUE,1.91605354674482,0.165100043089343,TRUE,"none",3,"robustbase","global_row_order",1.11022302462516e-14,1.92901250528621e-14,FALSE
"8",-0.177608338545658,0.00694071664335894,TRUE,-0.177608338545658,0.00694071664335897,TRUE,"none",3,"robustbase","global_row_order",8.32667268468867e-17,3.55618312575245e-17,FALSE
"9",-0.0845430779162814,-0.131550806089695,TRUE,-0.0845430779162813,-0.131550806089694,TRUE,"none",3,"robustbase","global_row_order",4.16333634234434e-17,8.32667268468867e-17,FALSE
"1",0.415273464449955,0.132112707881206,TRUE,0.415273464449955,0.132112707881206,TRUE,"none",4,"robust","exact_repeat",0,0,FALSE
"10",0.781581186280765,-0.0677997745072014,TRUE,0.781581186280765,-0.0677997745072014,TRUE,"none",4,"robust","exact_repeat",0,0,FALSE
"2",1.75872793503431,0.148903450221489,TRUE,1.75872793503431,0.148903450221489,TRUE,"none",4,"robust","exact_repeat",0,0,FALSE
"3",0.828428156647988,-0.0906950883383125,TRUE,0.828428156647988,-0.0906950883383125,TRUE,"none",4,"robust","exact_repeat",0,0,FALSE
"4",0.784761938955695,-0.00458085129441734,TRUE,0.784761938955695,-0.00458085129441734,TRUE,"none",4,"robust","exact_repeat",0,0,FALSE
"5",0.686870484704564,0.286655747778033,TRUE,0.686870484704564,0.286655747778033,TRUE,"none",4,"robust","exact_repeat",0,0,FALSE
"6",-0.741230805669916,-0.151151731601015,TRUE,-0.741230805669916,-0.151151731601015,TRUE,"none",4,"robust","exact_repeat",0,0,FALSE
"7",0.409780729108657,-0.205091126083087,TRUE,0.409780729108657,-0.205091126083087,TRUE,"none",4,"robust","exact_repeat",0,0,FALSE
"8",0.0911901675630964,-0.0837649779751558,TRUE,0.0911901675630964,-0.0837649779751558,TRUE,"none",4,"robust","exact_repeat",0,0,FALSE
"9",1.15982750767139,-0.180193128005196,TRUE,1.15982750767139,-0.180193128005196,TRUE,"none",4,"robust","exact_repeat",0,0,FALSE
"1",0.415273464449955,0.132112707881206,TRUE,0.41527346445776,0.13211270790892,TRUE,"none",4,"robust","within_cluster_row_order",7.80514541887101e-12,2.77140810300835e-11,FALSE
"10",0.781581186280765,-0.0677997745072014,TRUE,0.781581193733912,-0.0677997657197324,TRUE,"none",4,"robust","within_cluster_row_order",7.45314732153446e-09,8.78746907184702e-09,FALSE
"2",1.75872793503431,0.148903450221489,TRUE,1.75872823742654,0.148903927515672,TRUE,"none",4,"robust","within_cluster_row_order",3.0239222859052e-07,4.77294182288368e-07,FALSE
"3",0.828428156647988,-0.0906950883383125,TRUE,0.828427883763206,-0.0906954146446486,TRUE,"none",4,"robust","within_cluster_row_order",2.72884781882254e-07,3.26306336090321e-07,FALSE
"4",0.784761938955695,-0.00458085129441734,TRUE,0.78476200235419,-0.0045808576166108,TRUE,"none",4,"robust","within_cluster_row_order",6.33984946762922e-08,6.32219345885615e-09,FALSE
"5",0.686870484704564,0.286655747778033,TRUE,0.686870926683125,0.286655324279161,TRUE,"none",4,"robust","within_cluster_row_order",4.41978561194212e-07,4.2349887213744e-07,FALSE
"6",-0.741230805669916,-0.151151731601015,TRUE,-0.741230793391282,-0.151151746357654,TRUE,"none",4,"robust","within_cluster_row_order",1.22786338874192e-08,1.4756638438973e-08,FALSE
"7",0.409780729108657,-0.205091126083087,TRUE,0.409780798076873,-0.205091110979622,TRUE,"none",4,"robust","within_cluster_row_order",6.89682158050431e-08,1.51034645901049e-08,FALSE
"8",0.0911901675630964,-0.0837649779751558,TRUE,0.0911902813793632,-0.0837650385741211,TRUE,"none",4,"robust","within_cluster_row_order",1.13816266800182e-07,6.05989653179595e-08,FALSE
"9",1.15982750767139,-0.180193128005196,TRUE,1.15982745394185,-0.18019310131187,TRUE,"none",4,"robust","within_cluster_row_order",5.37295392621928e-08,2.66933261050539e-08,FALSE
"1",0.415273464449955,0.132112707881206,TRUE,0.415273464449955,0.132112707881206,TRUE,"none",4,"robust","cluster_block_order",0,0,FALSE
"10",0.781581186280765,-0.0677997745072014,TRUE,0.781581186280765,-0.0677997745072014,TRUE,"none",4,"robust","cluster_block_order",0,0,FALSE
"2",1.75872793503431,0.148903450221489,TRUE,1.75872793503431,0.148903450221489,TRUE,"none",4,"robust","cluster_block_order",0,0,FALSE
"3",0.828428156647988,-0.0906950883383125,TRUE,0.828428156647988,-0.0906950883383125,TRUE,"none",4,"robust","cluster_block_order",0,0,FALSE
"4",0.784761938955695,-0.00458085129441734,TRUE,0.784761938955695,-0.00458085129441734,TRUE,"none",4,"robust","cluster_block_order",0,0,FALSE
"5",0.686870484704564,0.286655747778033,TRUE,0.686870484704564,0.286655747778033,TRUE,"none",4,"robust","cluster_block_order",0,0,FALSE
"6",-0.741230805669916,-0.151151731601015,TRUE,-0.741230805669916,-0.151151731601015,TRUE,"none",4,"robust","cluster_block_order",0,0,FALSE
"7",0.409780729108657,-0.205091126083087,TRUE,0.409780729108657,-0.205091126083087,TRUE,"none",4,"robust","cluster_block_order",0,0,FALSE
"8",0.0911901675630964,-0.0837649779751558,TRUE,0.0911901675630964,-0.0837649779751558,TRUE,"none",4,"robust","cluster_block_order",0,0,FALSE
"9",1.15982750767139,-0.180193128005196,TRUE,1.15982750767139,-0.180193128005196,TRUE,"none",4,"robust","cluster_block_order",0,0,FALSE
"1",0.415273464449955,0.132112707881206,TRUE,0.415273464441405,0.13211270785085,TRUE,"none",4,"robust","global_row_order",8.54954995688217e-12,3.03554126279693e-11,FALSE
"10",0.781581186280765,-0.0677997745072014,TRUE,0.781581193734652,-0.0677997657188597,TRUE,"none",4,"robust","global_row_order",7.45388750722498e-09,8.78834176265553e-09,FALSE
"2",1.75872793503431,0.148903450221489,TRUE,1.75872793453514,0.148903449433551,TRUE,"none",4,"robust","global_row_order",4.99177144064333e-10,7.87938492230467e-10,FALSE
"3",0.828428156647988,-0.0906950883383125,TRUE,0.82842811837109,-0.0906951341085246,TRUE,"none",4,"robust","global_row_order",3.82768978735015e-08,4.57702121203774e-08,FALSE
"4",0.784761938955695,-0.00458085129441734,TRUE,0.784761939159905,-0.00458085131478266,TRUE,"none",4,"robust","global_row_order",2.04210204302058e-10,2.03653153368899e-11,FALSE
"5",0.686870484704564,0.286655747778033,TRUE,0.68687134408541,0.286654924326668,TRUE,"none",4,"robust","global_row_order",8.59380845819047e-07,8.23451365261629e-07,FALSE
"6",-0.741230805669916,-0.151151731601015,TRUE,-0.741230806986312,-0.151151730018952,TRUE,"none",4,"robust","global_row_order",1.31639577016784e-09,1.5820632026653e-09,FALSE
"7",0.409780729108657,-0.205091126083087,TRUE,0.409781036338277,-0.2050910588025,TRUE,"none",4,"robust","global_row_order",3.07229620410965e-07,6.72805863799475e-08,FALSE
"8",0.0911901675630964,-0.0837649779751558,TRUE,0.0911902815406742,-0.0837650386600077,TRUE,"none",4,"robust","global_row_order",1.13977577806401e-07,6.06848518519554e-08,FALSE
"9",1.15982750767139,-0.180193128005196,TRUE,1.15982724023156,-0.180192995138644,TRUE,"none",4,"robust","global_row_order",2.67439829615412e-07,1.32866551455502e-07,FALSE
"1",0.422930606908551,0.131406373276661,TRUE,0.422930606908551,0.131406373276661,TRUE,"none",4,"robustbase","exact_repeat",0,0,FALSE
"10",0.7913375044105,-0.110008770880098,TRUE,0.7913375044105,-0.110008770880098,TRUE,"none",4,"robustbase","exact_repeat",0,0,FALSE
"2",1.70798740703288,0.0605524433319739,TRUE,1.70798740703288,0.0605524433319739,TRUE,"none",4,"robustbase","exact_repeat",0,0,FALSE
"3",0.82511981427036,-0.0708613322765738,TRUE,0.82511981427036,-0.0708613322765738,TRUE,"none",4,"robustbase","exact_repeat",0,0,FALSE
"4",0.733659138287489,-0.00366828171995039,TRUE,0.733659138287489,-0.00366828171995039,TRUE,"none",4,"robustbase","exact_repeat",0,0,FALSE
"5",0.659264990509608,0.280988030265812,TRUE,0.659264990509608,0.280988030265812,TRUE,"none",4,"robustbase","exact_repeat",0,0,FALSE
"6",-0.739535782326286,-0.132844040488317,TRUE,-0.739535782326286,-0.132844040488317,TRUE,"none",4,"robustbase","exact_repeat",0,0,FALSE
"7",0.40745491153708,-0.202686037810211,TRUE,0.40745491153708,-0.202686037810211,TRUE,"none",4,"robustbase","exact_repeat",0,0,FALSE
"8",0.0954042957829099,-0.0735768359967838,TRUE,0.0954042957829099,-0.0735768359967838,TRUE,"none",4,"robustbase","exact_repeat",0,0,FALSE
"9",1.19006427651955,-0.189634588357775,TRUE,1.19006427651955,-0.189634588357775,TRUE,"none",4,"robustbase","exact_repeat",0,0,FALSE
"1",0.422930606908551,0.131406373276661,TRUE,0.422930606909497,0.13140637327612,TRUE,"none",4,"robustbase","within_cluster_row_order",9.45576950073246e-13,5.40928413172992e-13,FALSE
"10",0.7913375044105,-0.110008770880098,TRUE,0.791337504410499,-0.110008770880098,TRUE,"none",4,"robustbase","within_cluster_row_order",6.66133814775094e-16,1.2490009027033e-16,FALSE
"2",1.70798740703288,0.0605524433319739,TRUE,1.70798740703288,0.060552443331974,TRUE,"none",4,"robustbase","within_cluster_row_order",6.66133814775094e-16,1.11022302462516e-16,FALSE
"3",0.82511981427036,-0.0708613322765738,TRUE,0.825119814268886,-0.0708613322766386,TRUE,"none",4,"robustbase","within_cluster_row_order",1.47415413209728e-12,6.48647802137248e-14,FALSE
"4",0.733659138287489,-0.00366828171995039,TRUE,0.733659125131028,-0.00366828995416444,TRUE,"none",4,"robustbase","within_cluster_row_order",1.31564616978608e-08,8.23421404672064e-09,FALSE
"5",0.659264990509608,0.280988030265812,TRUE,0.659264990509609,0.280988030265813,TRUE,"none",4,"robustbase","within_cluster_row_order",1.11022302462516e-16,5.55111512312578e-17,FALSE
"6",-0.739535782326286,-0.132844040488317,TRUE,-0.739535782326286,-0.132844040488317,TRUE,"none",4,"robustbase","within_cluster_row_order",1.11022302462516e-16,1.38777878078145e-16,FALSE
"7",0.40745491153708,-0.202686037810211,TRUE,0.407454911593806,-0.20268603778262,TRUE,"none",4,"robustbase","within_cluster_row_order",5.67259017536514e-11,2.75901801405354e-11,FALSE
"8",0.0954042957829099,-0.0735768359967838,TRUE,0.09540429578291,-0.0735768359967838,TRUE,"none",4,"robustbase","within_cluster_row_order",8.32667268468867e-17,2.77555756156289e-17,FALSE
"9",1.19006427651955,-0.189634588357775,TRUE,1.19006427651955,-0.189634588357775,TRUE,"none",4,"robustbase","within_cluster_row_order",1.55431223447522e-15,3.05311331771918e-16,FALSE
"1",0.422930606908551,0.131406373276661,TRUE,0.422930606908551,0.131406373276661,TRUE,"none",4,"robustbase","cluster_block_order",0,0,FALSE
"10",0.7913375044105,-0.110008770880098,TRUE,0.7913375044105,-0.110008770880098,TRUE,"none",4,"robustbase","cluster_block_order",0,0,FALSE
"2",1.70798740703288,0.0605524433319739,TRUE,1.70798740703288,0.0605524433319739,TRUE,"none",4,"robustbase","cluster_block_order",0,0,FALSE
"3",0.82511981427036,-0.0708613322765738,TRUE,0.825119814268886,-0.0708613322766387,TRUE,"none",4,"robustbase","cluster_block_order",1.47426515439975e-12,6.48786580015326e-14,FALSE
"4",0.733659138287489,-0.00366828171995039,TRUE,0.733659113235426,-0.00366829739925587,TRUE,"none",4,"robustbase","cluster_block_order",2.5052063756803e-08,1.56793054807008e-08,FALSE
"5",0.659264990509608,0.280988030265812,TRUE,0.659264991331107,0.280988029956678,TRUE,"none",4,"robustbase","cluster_block_order",8.21498535863441e-10,3.09134773335273e-10,FALSE
"6",-0.739535782326286,-0.132844040488317,TRUE,-0.739535782326289,-0.132844040488317,TRUE,"none",4,"robustbase","cluster_block_order",3.33066907387547e-15,5.27355936696949e-16,FALSE
"7",0.40745491153708,-0.202686037810211,TRUE,0.407454911508473,-0.202686037824124,TRUE,"none",4,"robustbase","cluster_block_order",2.86062840082479e-11,1.39132871890268e-11,FALSE
"8",0.0954042957829099,-0.0735768359967838,TRUE,0.0954042957829099,-0.0735768359967838,TRUE,"none",4,"robustbase","cluster_block_order",0,0,FALSE
"9",1.19006427651955,-0.189634588357775,TRUE,1.19006427651955,-0.189634588357775,TRUE,"none",4,"robustbase","cluster_block_order",8.88178419700125e-16,5.55111512312578e-17,FALSE
"1",0.422930606908551,0.131406373276661,TRUE,0.422930606908081,0.131406373276933,TRUE,"none",4,"robustbase","global_row_order",4.69624339416441e-13,2.71616062974545e-13,FALSE
"10",0.7913375044105,-0.110008770880098,TRUE,0.79133750441587,-0.110008770850957,TRUE,"none",4,"robustbase","global_row_order",5.37048183701927e-12,2.91406759833635e-11,FALSE
"2",1.70798740703288,0.0605524433319739,TRUE,1.70798740698729,0.0605524432637487,TRUE,"none",4,"robustbase","global_row_order",4.55859794357139e-11,6.82251616312968e-11,FALSE
"3",0.82511981427036,-0.0708613322765738,TRUE,0.82511981427036,-0.0708613322765737,TRUE,"none",4,"robustbase","global_row_order",1.11022302462516e-16,8.32667268468867e-17,FALSE
"4",0.733659138287489,-0.00366828171995039,TRUE,0.733659113235426,-0.00366829739925609,TRUE,"none",4,"robustbase","global_row_order",2.5052063756803e-08,1.56793056962402e-08,FALSE
"5",0.659264990509608,0.280988030265812,TRUE,0.659264991005723,0.280988030079122,TRUE,"none",4,"robustbase","global_row_order",4.96115037940115e-10,1.86690385373112e-10,FALSE
"6",-0.739535782326286,-0.132844040488317,TRUE,-0.739535782326286,-0.132844040488317,TRUE,"none",4,"robustbase","global_row_order",1.11022302462516e-16,1.66533453693773e-16,FALSE
"7",0.40745491153708,-0.202686037810211,TRUE,0.40745491153708,-0.20268603781021,TRUE,"none",4,"robustbase","global_row_order",1.11022302462516e-16,1.38777878078145e-16,FALSE
"8",0.0954042957829099,-0.0735768359967838,TRUE,0.0954042957828606,-0.0735768359968327,TRUE,"none",4,"robustbase","global_row_order",4.9293902293357e-14,4.8919202022546e-14,FALSE
"9",1.19006427651955,-0.189634588357775,TRUE,1.19006427651955,-0.189634588357775,TRUE,"none",4,"robustbase","global_row_order",8.88178419700125e-16,5.55111512312578e-17,FALSE
"1",2.73625532257461,-0.11537814743523,TRUE,2.73625532257461,-0.11537814743523,TRUE,"none",5,"robust","exact_repeat",0,0,FALSE
"10",-1.34064282917963,0.242895946829367,TRUE,-1.34064282917963,0.242895946829367,TRUE,"none",5,"robust","exact_repeat",0,0,FALSE
"2",-0.695465360984775,0.0936199081303107,TRUE,-0.695465360984775,0.0936199081303107,TRUE,"none",5,"robust","exact_repeat",0,0,FALSE
"3",2.43746650322786,-0.128354642194201,TRUE,2.43746650322786,-0.128354642194201,TRUE,"none",5,"robust","exact_repeat",0,0,FALSE
"4",-0.707606179220525,0.353501006725851,TRUE,-0.707606179220525,0.353501006725851,TRUE,"none",5,"robust","exact_repeat",0,0,FALSE
"5",-1.22776388876476,0.0758949565487034,TRUE,-1.22776388876476,0.0758949565487034,TRUE,"none",5,"robust","exact_repeat",0,0,FALSE
"6",-0.825041606750548,-0.140061568894453,TRUE,-0.825041606750548,-0.140061568894453,TRUE,"none",5,"robust","exact_repeat",0,0,FALSE
"7",-0.365993298996126,0.142845075236401,TRUE,-0.365993298996126,0.142845075236401,TRUE,"none",5,"robust","exact_repeat",0,0,FALSE
"8",-0.489041477737469,-0.582629222592085,TRUE,-0.489041477737469,-0.582629222592085,TRUE,"none",5,"robust","exact_repeat",0,0,FALSE
"9",-0.0176610843269877,-0.292187923643893,TRUE,-0.0176610843269877,-0.292187923643893,TRUE,"none",5,"robust","exact_repeat",0,0,FALSE
"1",2.73625532257461,-0.11537814743523,TRUE,2.73625532020249,-0.115378148495129,TRUE,"none",5,"robust","within_cluster_row_order",2.37211628117961e-09,1.05989912679849e-09,FALSE
"10",-1.34064282917963,0.242895946829367,TRUE,-1.34064282917963,0.242895946829367,TRUE,"none",5,"robust","within_cluster_row_order",2.22044604925031e-16,2.77555756156289e-17,FALSE
"2",-0.695465360984775,0.0936199081303107,TRUE,-0.695465360984775,0.0936199081303107,TRUE,"none",5,"robust","within_cluster_row_order",0,5.55111512312578e-17,FALSE
"3",2.43746650322786,-0.128354642194201,TRUE,2.43746643373737,-0.128354681556191,TRUE,"none",5,"robust","within_cluster_row_order",6.94904960241161e-08,3.93619907224085e-08,FALSE
"4",-0.707606179220525,0.353501006725851,TRUE,-0.707606084346479,0.353500828875161,TRUE,"none",5,"robust","within_cluster_row_order",9.48740462858311e-08,1.77850689897507e-07,FALSE
"5",-1.22776388876476,0.0758949565487034,TRUE,-1.22776389860069,0.0758949625064687,TRUE,"none",5,"robust","within_cluster_row_order",9.83592629566488e-09,5.95776530887271e-09,FALSE
"6",-0.825041606750548,-0.140061568894453,TRUE,-0.825041606750548,-0.140061568894453,TRUE,"none",5,"robust","within_cluster_row_order",0,8.32667268468867e-17,FALSE
"7",-0.365993298996126,0.142845075236401,TRUE,-0.365993222926422,0.142846590763945,TRUE,"none",5,"robust","within_cluster_row_order",7.60697037582858e-08,1.51552754426576e-06,FALSE
"8",-0.489041477737469,-0.582629222592085,TRUE,-0.489041479620344,-0.582629219942259,TRUE,"none",5,"robust","within_cluster_row_order",1.88287507807416e-09,2.64982646935863e-09,FALSE
"9",-0.0176610843269877,-0.292187923643893,TRUE,-0.017661076965155,-0.2921879180702,TRUE,"none",5,"robust","within_cluster_row_order",7.36183270247381e-09,5.57369284059916e-09,FALSE
"1",2.73625532257461,-0.11537814743523,TRUE,2.73625532257461,-0.11537814743523,TRUE,"none",5,"robust","cluster_block_order",0,0,FALSE
"10",-1.34064282917963,0.242895946829367,TRUE,-1.34064282917963,0.242895946829367,TRUE,"none",5,"robust","cluster_block_order",0,0,FALSE
"2",-0.695465360984775,0.0936199081303107,TRUE,-0.695465360984775,0.0936199081303107,TRUE,"none",5,"robust","cluster_block_order",0,0,FALSE
"3",2.43746650322786,-0.128354642194201,TRUE,2.43746650322786,-0.128354642194201,TRUE,"none",5,"robust","cluster_block_order",0,0,FALSE
"4",-0.707606179220525,0.353501006725851,TRUE,-0.707606179220525,0.353501006725851,TRUE,"none",5,"robust","cluster_block_order",0,0,FALSE
"5",-1.22776388876476,0.0758949565487034,TRUE,-1.22776388876476,0.0758949565487034,TRUE,"none",5,"robust","cluster_block_order",0,0,FALSE
"6",-0.825041606750548,-0.140061568894453,TRUE,-0.825041606750548,-0.140061568894453,TRUE,"none",5,"robust","cluster_block_order",0,0,FALSE
"7",-0.365993298996126,0.142845075236401,TRUE,-0.365993298996126,0.142845075236401,TRUE,"none",5,"robust","cluster_block_order",0,0,FALSE
"8",-0.489041477737469,-0.582629222592085,TRUE,-0.489041477737469,-0.582629222592085,TRUE,"none",5,"robust","cluster_block_order",0,0,FALSE
"9",-0.0176610843269877,-0.292187923643893,TRUE,-0.0176610843269877,-0.292187923643893,TRUE,"none",5,"robust","cluster_block_order",0,0,FALSE
"1",2.73625532257461,-0.11537814743523,TRUE,2.73625531996798,-0.115378148599912,TRUE,"none",5,"robust","global_row_order",2.60662691431435e-09,1.16468229505173e-09,FALSE
"10",-1.34064282917963,0.242895946829367,TRUE,-1.34064282917963,0.242895946829368,TRUE,"none",5,"robust","global_row_order",2.22044604925031e-16,1.11022302462516e-16,FALSE
"2",-0.695465360984775,0.0936199081303107,TRUE,-0.695465360984775,0.0936199081303107,TRUE,"none",5,"robust","global_row_order",0,1.38777878078145e-17,FALSE
"3",2.43746650322786,-0.128354642194201,TRUE,2.43746639819316,-0.128354701689132,TRUE,"none",5,"robust","global_row_order",1.05034706709972e-07,5.94949308152515e-08,FALSE
"4",-0.707606179220525,0.353501006725851,TRUE,-0.707606225335681,0.353501093182924,TRUE,"none",5,"robust","global_row_order",4.61151555830597e-08,8.64570731118341e-08,FALSE
"5",-1.22776388876476,0.0758949565487034,TRUE,-1.22776352609947,0.075894736876883,TRUE,"none",5,"robust","global_row_order",3.62665291797626e-07,2.1967182035898e-07,FALSE
"6",-0.825041606750548,-0.140061568894453,TRUE,-0.825041606750548,-0.140061568894453,TRUE,"none",5,"robust","global_row_order",0,1.11022302462516e-16,FALSE
"7",-0.365993298996126,0.142845075236401,TRUE,-0.36599333586697,0.142844340107815,TRUE,"none",5,"robust","global_row_order",3.68708441000898e-08,7.35128586615286e-07,FALSE
"8",-0.489041477737469,-0.582629222592085,TRUE,-0.489041477795571,-0.582629222510316,TRUE,"none",5,"robust","global_row_order",5.81026893264891e-11,8.17693690535748e-11,FALSE
"9",-0.0176610843269877,-0.292187923643893,TRUE,-0.0176610841336888,-0.292187923497545,TRUE,"none",5,"robust","global_row_order",1.93298901191019e-10,1.46347989282702e-10,FALSE
"1",2.75856727358306,-0.110733005434455,TRUE,2.75856727358306,-0.110733005434455,TRUE,"none",5,"robustbase","exact_repeat",0,0,FALSE
"10",-1.33372695364755,0.257225755089747,TRUE,-1.33372695364755,0.257225755089747,TRUE,"none",5,"robustbase","exact_repeat",0,0,FALSE
"2",-0.668695786318027,0.147817222709217,TRUE,-0.668695786318027,0.147817222709217,TRUE,"none",5,"robustbase","exact_repeat",0,0,FALSE
"3",2.41535078696644,-0.0524854743581983,TRUE,2.41535078696644,-0.0524854743581983,TRUE,"none",5,"robustbase","exact_repeat",0,0,FALSE
"4",-0.668620325675323,0.3459480369203,TRUE,-0.668620325675323,0.3459480369203,TRUE,"none",5,"robustbase","exact_repeat",0,0,FALSE
"5",-1.24909259225261,0.0819873079994616,TRUE,-1.24909259225261,0.0819873079994616,TRUE,"none",5,"robustbase","exact_repeat",0,0,FALSE
"6",-0.830409735731191,-0.133128010394944,TRUE,-0.830409735731191,-0.133128010394944,TRUE,"none",5,"robustbase","exact_repeat",0,0,FALSE
"7",-0.309634260281771,0.14238243692612,TRUE,-0.309634260281771,0.14238243692612,TRUE,"none",5,"robustbase","exact_repeat",0,0,FALSE
"8",-0.521310299377283,-0.537985909744951,TRUE,-0.521310299377283,-0.537985909744951,TRUE,"none",5,"robustbase","exact_repeat",0,0,FALSE
"9",0.0123338629734628,-0.27368975888937,TRUE,0.0123338629734628,-0.27368975888937,TRUE,"none",5,"robustbase","exact_repeat",0,0,FALSE
"1",2.75856727358306,-0.110733005434455,TRUE,2.75856727358306,-0.110733005434454,TRUE,"none",5,"robustbase","within_cluster_row_order",1.77635683940025e-15,1.94289029309402e-16,FALSE
"10",-1.33372695364755,0.257225755089747,TRUE,-1.33372695364755,0.257225755089747,TRUE,"none",5,"robustbase","within_cluster_row_order",1.11022302462516e-15,0,FALSE
"2",-0.668695786318027,0.147817222709217,TRUE,-0.66869578154885,0.147817228330384,TRUE,"none",5,"robustbase","within_cluster_row_order",4.76917738634342e-09,5.62116755919995e-09,FALSE
"3",2.41535078696644,-0.0524854743581983,TRUE,2.41535078696644,-0.0524854743581987,TRUE,"none",5,"robustbase","within_cluster_row_order",1.33226762955019e-15,3.53883589099269e-16,FALSE
"4",-0.668620325675323,0.3459480369203,TRUE,-0.668620331605952,0.345948012774028,TRUE,"none",5,"robustbase","within_cluster_row_order",5.93062854381543e-09,2.41462724259733e-08,FALSE
"5",-1.24909259225261,0.0819873079994616,TRUE,-1.24909259225261,0.0819873079994717,TRUE,"none",5,"robustbase","within_cluster_row_order",1.33226762955019e-15,1.00891517362811e-14,FALSE
"6",-0.830409735731191,-0.133128010394944,TRUE,-0.830409735731191,-0.133128010394944,TRUE,"none",5,"robustbase","within_cluster_row_order",3.33066907387547e-16,1.38777878078145e-16,FALSE
"7",-0.309634260281771,0.14238243692612,TRUE,-0.30963426026913,0.142382436933826,TRUE,"none",5,"robustbase","within_cluster_row_order",1.26416099810456e-11,7.70614128065006e-12,FALSE
"8",-0.521310299377283,-0.537985909744951,TRUE,-0.521310299377775,-0.537985909743488,TRUE,"none",5,"robustbase","within_cluster_row_order",4.92272889118794e-13,1.46349599106088e-12,FALSE
"9",0.0123338629734628,-0.27368975888937,TRUE,0.0123338629734587,-0.273689758889372,TRUE,"none",5,"robustbase","within_cluster_row_order",4.08700850940136e-15,2.44249065417534e-15,FALSE
"1",2.75856727358306,-0.110733005434455,TRUE,2.75856727401466,-0.110733005357699,TRUE,"none",5,"robustbase","cluster_block_order",4.31607194428807e-10,7.67552271740968e-11,FALSE
"10",-1.33372695364755,0.257225755089747,TRUE,-1.33372695364719,0.257225755090687,TRUE,"none",5,"robustbase","cluster_block_order",3.64597241286901e-13,9.39359701135345e-13,FALSE
"2",-0.668695786318027,0.147817222709217,TRUE,-0.668695787419294,0.147817221411211,TRUE,"none",5,"robustbase","cluster_block_order",1.10126618935169e-09,1.29800553638759e-09,FALSE
"3",2.41535078696644,-0.0524854743581983,TRUE,2.41535078696621,-0.0524854743588338,TRUE,"none",5,"robustbase","cluster_block_order",2.23376872554581e-13,6.35519414871055e-13,FALSE
"4",-0.668620325675323,0.3459480369203,TRUE,-0.668620324940371,0.345948039912622,TRUE,"none",5,"robustbase","cluster_block_order",7.34952099179509e-10,2.99232222333856e-09,FALSE
"5",-1.24909259225261,0.0819873079994616,TRUE,-1.24909259225261,0.0819873079994616,TRUE,"none",5,"robustbase","cluster_block_order",0,0,FALSE
"6",-0.830409735731191,-0.133128010394944,TRUE,-0.830409735731191,-0.133128010394944,TRUE,"none",5,"robustbase","cluster_block_order",0,0,FALSE
"7",-0.309634260281771,0.14238243692612,TRUE,-0.309634260281771,0.14238243692612,TRUE,"none",5,"robustbase","cluster_block_order",0,0,FALSE
"8",-0.521310299377283,-0.537985909744951,TRUE,-0.52131029937737,-0.537985909744679,TRUE,"none",5,"robustbase","cluster_block_order",8.70414851306123e-14,2.72559752545476e-13,FALSE
"9",0.0123338629734628,-0.27368975888937,TRUE,0.01233386297346,-0.273689758889371,TRUE,"none",5,"robustbase","cluster_block_order",2.86229373536173e-15,1.27675647831893e-15,FALSE
"1",2.75856727358306,-0.110733005434455,TRUE,2.75856727396801,-0.110733005365985,TRUE,"none",5,"robustbase","global_row_order",3.84956067023268e-10,6.84700907083169e-11,FALSE
"10",-1.33372695364755,0.257225755089747,TRUE,-1.33372695364719,0.257225755090686,TRUE,"none",5,"robustbase","global_row_order",3.63264973657351e-13,9.3913765653042e-13,FALSE
"2",-0.668695786318027,0.147817222709217,TRUE,-0.668695786318027,0.147817222709217,TRUE,"none",5,"robustbase","global_row_order",3.33066907387547e-16,5.55111512312578e-17,FALSE
"3",2.41535078696644,-0.0524854743581983,TRUE,2.4153507869742,-0.0524854743362752,TRUE,"none",5,"robustbase","global_row_order",7.76489983422834e-12,2.19231230391692e-11,FALSE
"4",-0.668620325675323,0.3459480369203,TRUE,-0.668620325683496,0.345948036887025,TRUE,"none",5,"robustbase","global_row_order",8.17301781808055e-12,3.32752159160066e-11,FALSE
"5",-1.24909259225261,0.0819873079994616,TRUE,-1.24909259225261,0.081987307999459,TRUE,"none",5,"robustbase","global_row_order",5.10702591327572e-15,2.63677968348475e-15,FALSE
"6",-0.830409735731191,-0.133128010394944,TRUE,-0.830409735669494,-0.133128010471057,TRUE,"none",5,"robustbase","global_row_order",6.16972029021667e-11,7.61125051873535e-11,FALSE
"7",-0.309634260281771,0.14238243692612,TRUE,-0.309634260281771,0.14238243692612,TRUE,"none",5,"robustbase","global_row_order",5.55111512312578e-17,5.55111512312578e-17,FALSE
"8",-0.521310299377283,-0.537985909744951,TRUE,-0.521310299379407,-0.537985909738416,TRUE,"none",5,"robustbase","global_row_order",2.12407869071285e-12,6.5349947675486e-12,FALSE
"9",0.0123338629734628,-0.27368975888937,TRUE,0.01233386297346,-0.273689758889371,TRUE,"none",5,"robustbase","global_row_order",2.80851730760645e-15,1.16573417585641e-15,FALSE
"1",3.46830597890084,-0.0792559361525967,TRUE,3.46830597890084,-0.0792559361525967,TRUE,"vertical",1,"robust","exact_repeat",0,0,FALSE
"10",0.569196016906585,-0.164147318449089,TRUE,0.569196016906585,-0.164147318449089,TRUE,"vertical",1,"robust","exact_repeat",0,0,FALSE
"2",2.73213184780489,-0.134403549589522,TRUE,2.73213184780489,-0.134403549589522,TRUE,"vertical",1,"robust","exact_repeat",0,0,FALSE
"3",-0.857726154574557,0.284597283973957,TRUE,-0.857726154574557,0.284597283973957,TRUE,"vertical",1,"robust","exact_repeat",0,0,FALSE
"4",0.8923653935085,-0.497272369093991,TRUE,0.8923653935085,-0.497272369093991,TRUE,"vertical",1,"robust","exact_repeat",0,0,FALSE
"5",1.24831466532484,0.357528703279043,TRUE,1.24831466532484,0.357528703279043,TRUE,"vertical",1,"robust","exact_repeat",0,0,FALSE
"6",-0.749500911318711,0.161066998764301,TRUE,-0.749500911318711,0.161066998764301,TRUE,"vertical",1,"robust","exact_repeat",0,0,FALSE
"7",1.223169141339,0.0174362024275345,TRUE,1.223169141339,0.0174362024275345,TRUE,"vertical",1,"robust","exact_repeat",0,0,FALSE
"8",-1.04046905739304,-0.177813475343332,TRUE,-1.04046905739304,-0.177813475343332,TRUE,"vertical",1,"robust","exact_repeat",0,0,FALSE
"9",-0.0569254037782325,0.145435448472471,TRUE,-0.0569254037782325,0.145435448472471,TRUE,"vertical",1,"robust","exact_repeat",0,0,FALSE
"1",3.46830597890084,-0.0792559361525967,TRUE,3.46830584146162,-0.0792559381668561,TRUE,"vertical",1,"robust","within_cluster_row_order",1.37439217340329e-07,2.01425941204203e-09,FALSE
"10",0.569196016906585,-0.164147318449089,TRUE,0.569195251593926,-0.16414679210175,TRUE,"vertical",1,"robust","within_cluster_row_order",7.65312659134487e-07,5.26347338547506e-07,FALSE
"2",2.73213184780489,-0.134403549589522,TRUE,2.73213184780489,-0.134403549589522,TRUE,"vertical",1,"robust","within_cluster_row_order",0,0,FALSE
"3",-0.857726154574557,0.284597283973957,TRUE,-0.857726087146156,0.284597264290015,TRUE,"vertical",1,"robust","within_cluster_row_order",6.74284009738457e-08,1.96839420318895e-08,FALSE
"4",0.8923653935085,-0.497272369093991,TRUE,0.8923653935085,-0.497272369093991,TRUE,"vertical",1,"robust","within_cluster_row_order",0,5.55111512312578e-17,FALSE
"5",1.24831466532484,0.357528703279043,TRUE,1.24831466532484,0.357528703279043,TRUE,"vertical",1,"robust","within_cluster_row_order",2.22044604925031e-16,0,FALSE
"6",-0.749500911318711,0.161066998764301,TRUE,-0.749500911664009,0.161066998389181,TRUE,"vertical",1,"robust","within_cluster_row_order",3.45297457293725e-10,3.75120490225811e-10,FALSE
"7",1.223169141339,0.0174362024275345,TRUE,1.223169141339,0.0174362024275345,TRUE,"vertical",1,"robust","within_cluster_row_order",0,0,FALSE
"8",-1.04046905739304,-0.177813475343332,TRUE,-1.04046905562794,-0.177813475968899,TRUE,"vertical",1,"robust","within_cluster_row_order",1.76510028815358e-09,6.25567458945042e-10,FALSE
"9",-0.0569254037782325,0.145435448472471,TRUE,-0.0569251298059322,0.145435410216912,TRUE,"vertical",1,"robust","within_cluster_row_order",2.73972300346426e-07,3.82555588041011e-08,FALSE
"1",3.46830597890084,-0.0792559361525967,TRUE,3.46830597890084,-0.0792559361525967,TRUE,"vertical",1,"robust","cluster_block_order",0,0,FALSE
"10",0.569196016906585,-0.164147318449089,TRUE,0.569196016906585,-0.164147318449089,TRUE,"vertical",1,"robust","cluster_block_order",0,0,FALSE
"2",2.73213184780489,-0.134403549589522,TRUE,2.73213184780489,-0.134403549589522,TRUE,"vertical",1,"robust","cluster_block_order",0,0,FALSE
"3",-0.857726154574557,0.284597283973957,TRUE,-0.857726154574557,0.284597283973957,TRUE,"vertical",1,"robust","cluster_block_order",0,0,FALSE
"4",0.8923653935085,-0.497272369093991,TRUE,0.8923653935085,-0.497272369093991,TRUE,"vertical",1,"robust","cluster_block_order",0,0,FALSE
"5",1.24831466532484,0.357528703279043,TRUE,1.24831466532484,0.357528703279043,TRUE,"vertical",1,"robust","cluster_block_order",0,0,FALSE
"6",-0.749500911318711,0.161066998764301,TRUE,-0.749500911318711,0.161066998764301,TRUE,"vertical",1,"robust","cluster_block_order",0,0,FALSE
"7",1.223169141339,0.0174362024275345,TRUE,1.223169141339,0.0174362024275345,TRUE,"vertical",1,"robust","cluster_block_order",0,0,FALSE
"8",-1.04046905739304,-0.177813475343332,TRUE,-1.04046905739304,-0.177813475343332,TRUE,"vertical",1,"robust","cluster_block_order",0,0,FALSE
"9",-0.0569254037782325,0.145435448472471,TRUE,-0.0569254037782325,0.145435448472471,TRUE,"vertical",1,"robust","cluster_block_order",0,0,FALSE
"1",3.46830597890084,-0.0792559361525967,TRUE,3.46830598128064,-0.079255936117709,TRUE,"vertical",1,"robust","global_row_order",2.37980124495607e-09,3.48876344480331e-11,FALSE
"10",0.569196016906585,-0.164147318449089,TRUE,0.569195162932597,-0.164146731124746,TRUE,"vertical",1,"robust","global_row_order",8.53973988079737e-07,5.87324343021001e-07,FALSE
"2",2.73213184780489,-0.134403549589522,TRUE,2.73213184780489,-0.134403549589521,TRUE,"vertical",1,"robust","global_row_order",4.44089209850063e-16,2.4980018054066e-16,FALSE
"3",-0.857726154574557,0.284597283973957,TRUE,-0.857726153696629,0.284597283717669,TRUE,"vertical",1,"robust","global_row_order",8.77927619491459e-10,2.56287657762755e-10,FALSE
"4",0.8923653935085,-0.497272369093991,TRUE,0.8923653935085,-0.497272369093991,TRUE,"vertical",1,"robust","global_row_order",0,5.55111512312578e-17,FALSE
"5",1.24831466532484,0.357528703279043,TRUE,1.24831466532484,0.357528703279043,TRUE,"vertical",1,"robust","global_row_order",0,5.55111512312578e-17,FALSE
"6",-0.749500911318711,0.161066998764301,TRUE,-0.749500918323319,0.161066991154713,TRUE,"vertical",1,"robust","global_row_order",7.00460756064558e-09,7.60958834833403e-09,FALSE
"7",1.223169141339,0.0174362024275345,TRUE,1.223169141339,0.0174362024275345,TRUE,"vertical",1,"robust","global_row_order",0,5.89805981832114e-17,FALSE
"8",-1.04046905739304,-0.177813475343332,TRUE,-1.04046892039323,-0.1778135238973,TRUE,"vertical",1,"robust","global_row_order",1.36999802835547e-07,4.8553967901821e-08,FALSE
"9",-0.0569254037782325,0.145435448472471,TRUE,-0.0569253283036421,0.145435437933765,TRUE,"vertical",1,"robust","global_row_order",7.5474590452429e-08,1.05387057414141e-08,FALSE
"1",3.51936954466863,-0.115028422983202,TRUE,3.51936954466863,-0.115028422983202,TRUE,"vertical",1,"robustbase","exact_repeat",0,0,FALSE
"10",0.479971663659948,-0.117302862973445,TRUE,0.479971663659948,-0.117302862973445,TRUE,"vertical",1,"robustbase","exact_repeat",0,0,FALSE
"2",2.72862243398909,-0.13924863165244,TRUE,2.72862243398909,-0.13924863165244,TRUE,"vertical",1,"robustbase","exact_repeat",0,0,FALSE
"3",-0.852659532240005,0.258207363788936,TRUE,-0.852659532240005,0.258207363788936,TRUE,"vertical",1,"robustbase","exact_repeat",0,0,FALSE
"4",0.889808671364796,-0.49831336629348,TRUE,0.889808671364796,-0.49831336629348,TRUE,"vertical",1,"robustbase","exact_repeat",0,0,FALSE
"5",1.23979333248245,0.358651723091869,TRUE,1.23979333248245,0.358651723091869,TRUE,"vertical",1,"robustbase","exact_repeat",0,0,FALSE
"6",-0.765734693014452,0.147648545897361,TRUE,-0.765734693014452,0.147648545897361,TRUE,"vertical",1,"robustbase","exact_repeat",0,0,FALSE
"7",1.16830077321024,-0.0268511978783822,TRUE,1.16830077321024,-0.0268511978783822,TRUE,"vertical",1,"robustbase","exact_repeat",0,0,FALSE
"8",-1.07636942162062,-0.168222305482329,TRUE,-1.07636942162062,-0.168222305482329,TRUE,"vertical",1,"robustbase","exact_repeat",0,0,FALSE
"9",-0.0868572131135836,0.211337470634373,TRUE,-0.0868572131135836,0.211337470634373,TRUE,"vertical",1,"robustbase","exact_repeat",0,0,FALSE
"1",3.51936954466863,-0.115028422983202,TRUE,3.51936954466863,-0.115028422983202,TRUE,"vertical",1,"robustbase","within_cluster_row_order",8.88178419700125e-16,1.11022302462516e-16,FALSE
"10",0.479971663659948,-0.117302862973445,TRUE,0.479971661761604,-0.117302862189846,TRUE,"vertical",1,"robustbase","within_cluster_row_order",1.89834381547627e-09,7.83598852471812e-10,FALSE
"2",2.72862243398909,-0.13924863165244,TRUE,2.72862243398908,-0.13924863165245,TRUE,"vertical",1,"robustbase","within_cluster_row_order",9.32587340685131e-15,1.01030295240889e-14,FALSE
"3",-0.852659532240005,0.258207363788936,TRUE,-0.852659532207111,0.258207363813337,TRUE,"vertical",1,"robustbase","within_cluster_row_order",3.28939098181991e-11,2.44007591909678e-11,FALSE
"4",0.889808671364796,-0.49831336629348,TRUE,0.889808671364769,-0.498313366293411,TRUE,"vertical",1,"robustbase","within_cluster_row_order",2.69784194983913e-14,6.86672940730659e-14,FALSE
"5",1.23979333248245,0.358651723091869,TRUE,1.23979333274232,0.358651722982862,TRUE,"vertical",1,"robustbase","within_cluster_row_order",2.59867904972566e-10,1.09007802784333e-10,FALSE
"6",-0.765734693014452,0.147648545897361,TRUE,-0.76573469275401,0.147648546105293,TRUE,"vertical",1,"robustbase","within_cluster_row_order",2.6044244538781e-10,2.07932393525567e-10,FALSE
"7",1.16830077321024,-0.0268511978783822,TRUE,1.16830077321311,-0.0268511978616778,TRUE,"vertical",1,"robustbase","within_cluster_row_order",2.87503354456931e-12,1.67043219534424e-11,FALSE
"8",-1.07636942162062,-0.168222305482329,TRUE,-1.07636942162056,-0.168222305482336,TRUE,"vertical",1,"robustbase","within_cluster_row_order",6.43929354282591e-14,7.43849426498855e-15,FALSE
"9",-0.0868572131135836,0.211337470634373,TRUE,-0.0868572131684042,0.211337470404817,TRUE,"vertical",1,"robustbase","within_cluster_row_order",5.48206063877288e-11,2.29556068598313e-10,FALSE
"1",3.51936954466863,-0.115028422983202,TRUE,3.51936954466863,-0.115028422983202,TRUE,"vertical",1,"robustbase","cluster_block_order",0,0,FALSE
"10",0.479971663659948,-0.117302862973445,TRUE,0.479971663659948,-0.117302862973445,TRUE,"vertical",1,"robustbase","cluster_block_order",0,0,FALSE
"2",2.72862243398909,-0.13924863165244,TRUE,2.72862243398909,-0.13924863165244,TRUE,"vertical",1,"robustbase","cluster_block_order",0,0,FALSE
"3",-0.852659532240005,0.258207363788936,TRUE,-0.852659532240005,0.258207363788936,TRUE,"vertical",1,"robustbase","cluster_block_order",0,0,FALSE
"4",0.889808671364796,-0.49831336629348,TRUE,0.889808671364796,-0.49831336629348,TRUE,"vertical",1,"robustbase","cluster_block_order",0,0,FALSE
"5",1.23979333248245,0.358651723091869,TRUE,1.23979333274232,0.358651722982862,TRUE,"vertical",1,"robustbase","cluster_block_order",2.59867460883356e-10,1.0900763625088e-10,FALSE
"6",-0.765734693014452,0.147648545897361,TRUE,-0.76573469202603,0.147648546686497,TRUE,"vertical",1,"robustbase","cluster_block_order",9.88422566017277e-10,7.89136173073857e-10,FALSE
"7",1.16830077321024,-0.0268511978783822,TRUE,1.16830077321311,-0.0268511978616777,TRUE,"vertical",1,"robustbase","cluster_block_order",2.87503354456931e-12,1.67044156285101e-11,FALSE
"8",-1.07636942162062,-0.168222305482329,TRUE,-1.07636942162056,-0.168222305482336,TRUE,"vertical",1,"robustbase","cluster_block_order",6.48370246381091e-14,7.32747196252603e-15,FALSE
"9",-0.0868572131135836,0.211337470634373,TRUE,-0.0868572130521702,0.211337470891537,TRUE,"vertical",1,"robustbase","cluster_block_order",6.14133743859213e-11,2.57164289862999e-10,FALSE
"1",3.51936954466863,-0.115028422983202,TRUE,3.51936954466863,-0.115028422983201,TRUE,"vertical",1,"robustbase","global_row_order",3.5527136788005e-15,1.38777878078145e-16,FALSE
"10",0.479971663659948,-0.117302862973445,TRUE,0.479971663659948,-0.117302862973445,TRUE,"vertical",1,"robustbase","global_row_order",4.9960036108132e-16,1.2490009027033e-16,FALSE
"2",2.72862243398909,-0.13924863165244,TRUE,2.72862243398886,-0.139248631652723,TRUE,"vertical",1,"robustbase","global_row_order",2.34479102800833e-13,2.82746048796412e-13,FALSE
"3",-0.852659532240005,0.258207363788936,TRUE,-0.852659532240006,0.258207363788936,TRUE,"vertical",1,"robustbase","global_row_order",4.44089209850063e-16,2.22044604925031e-16,FALSE
"4",0.889808671364796,-0.49831336629348,TRUE,0.88980867136477,-0.498313366293411,TRUE,"vertical",1,"robustbase","global_row_order",2.67563748934663e-14,6.87228052242972e-14,FALSE
"5",1.23979333248245,0.358651723091869,TRUE,1.23979333246482,0.358651723099268,TRUE,"vertical",1,"robustbase","global_row_order",1.763766910301e-11,7.39824868034589e-12,FALSE
"6",-0.765734693014452,0.147648545897361,TRUE,-0.765734693014453,0.147648545897361,TRUE,"vertical",1,"robustbase","global_row_order",5.55111512312578e-16,1.66533453693773e-16,FALSE
"7",1.16830077321024,-0.0268511978783822,TRUE,1.16830077321311,-0.0268511978616777,TRUE,"vertical",1,"robustbase","global_row_order",2.87503354456931e-12,1.67044433840857e-11,FALSE
"8",-1.07636942162062,-0.168222305482329,TRUE,-1.07636942162063,-0.16822230548233,TRUE,"vertical",1,"robustbase","global_row_order",6.66133814775094e-15,1.19348975147204e-15,FALSE
"9",-0.0868572131135836,0.211337470634373,TRUE,-0.0868572131135836,0.211337470634372,TRUE,"vertical",1,"robustbase","global_row_order",2.77555756156289e-17,2.4980018054066e-16,FALSE
"1",1.332033563635,-0.195446748628299,TRUE,1.332033563635,-0.195446748628299,TRUE,"vertical",2,"robust","exact_repeat",0,0,FALSE
"10",-0.362086744230854,0.386524955699378,TRUE,-0.362086744230854,0.386524955699378,TRUE,"vertical",2,"robust","exact_repeat",0,0,FALSE
"2",-0.936837057440004,-0.145760405669963,TRUE,-0.936837057440004,-0.145760405669963,TRUE,"vertical",2,"robust","exact_repeat",0,0,FALSE
"3",-0.547067141828154,-0.189842476071281,TRUE,-0.547067141828154,-0.189842476071281,TRUE,"vertical",2,"robust","exact_repeat",0,0,FALSE
"4",1.19124601579933,-0.127404830438166,TRUE,1.19124601579933,-0.127404830438166,TRUE,"vertical",2,"robust","exact_repeat",0,0,FALSE
"5",0.937888828750057,-0.298281069611612,TRUE,0.937888828750057,-0.298281069611612,TRUE,"vertical",2,"robust","exact_repeat",0,0,FALSE
"6",-0.751832548745048,0.116849800722463,TRUE,-0.751832548745048,0.116849800722463,TRUE,"vertical",2,"robust","exact_repeat",0,0,FALSE
"7",0.658099493097127,0.0147592761929638,TRUE,0.658099493097127,0.0147592761929638,TRUE,"vertical",2,"robust","exact_repeat",0,0,FALSE
"8",-1.04667411781093,0.137747247770346,TRUE,-1.04667411781093,0.137747247770346,TRUE,"vertical",2,"robust","exact_repeat",0,0,FALSE
"9",1.38555999963695,0.126412115502734,TRUE,1.38555999963695,0.126412115502734,TRUE,"vertical",2,"robust","exact_repeat",0,0,FALSE
"1",1.332033563635,-0.195446748628299,TRUE,1.33203356369399,-0.195446748593528,TRUE,"vertical",2,"robust","within_cluster_row_order",5.89888138335937e-11,3.47703810188449e-11,FALSE
"10",-0.362086744230854,0.386524955699378,TRUE,-0.362086755645058,0.386525077752794,TRUE,"vertical",2,"robust","within_cluster_row_order",1.14142034712827e-08,1.22053415541057e-07,FALSE
"2",-0.936837057440004,-0.145760405669963,TRUE,-0.93683705737851,-0.14576040568982,TRUE,"vertical",2,"robust","within_cluster_row_order",6.14940320886603e-11,1.98577543297773e-11,FALSE
"3",-0.547067141828154,-0.189842476071281,TRUE,-0.547067141828153,-0.189842476071281,TRUE,"vertical",2,"robust","within_cluster_row_order",1.11022302462516e-16,5.55111512312578e-17,FALSE
"4",1.19124601579933,-0.127404830438166,TRUE,1.19124601579933,-0.127404830438166,TRUE,"vertical",2,"robust","within_cluster_row_order",0,2.77555756156289e-17,FALSE
"5",0.937888828750057,-0.298281069611612,TRUE,0.937888788293954,-0.298281024136976,TRUE,"vertical",2,"robust","within_cluster_row_order",4.04561031341899e-08,4.5474635834708e-08,FALSE
"6",-0.751832548745048,0.116849800722463,TRUE,-0.751832654949897,0.116849855044142,TRUE,"vertical",2,"robust","within_cluster_row_order",1.06204849026348e-07,5.43216789605783e-08,FALSE
"7",0.658099493097127,0.0147592761929638,TRUE,0.658100091925548,0.0147588813505101,TRUE,"vertical",2,"robust","within_cluster_row_order",5.98828420850239e-07,3.94842453775926e-07,FALSE
"8",-1.04667411781093,0.137747247770346,TRUE,-1.04667411904311,0.137747256530527,TRUE,"vertical",2,"robust","within_cluster_row_order",1.23218080183563e-09,8.76018113604715e-09,FALSE
"9",1.38555999963695,0.126412115502734,TRUE,1.38556134810615,0.126412766589727,TRUE,"vertical",2,"robust","within_cluster_row_order",1.34846920762932e-06,6.51086993097572e-07,FALSE
"1",1.332033563635,-0.195446748628299,TRUE,1.332033563635,-0.195446748628299,TRUE,"vertical",2,"robust","cluster_block_order",0,0,FALSE
"10",-0.362086744230854,0.386524955699378,TRUE,-0.362086744230854,0.386524955699378,TRUE,"vertical",2,"robust","cluster_block_order",0,0,FALSE
"2",-0.936837057440004,-0.145760405669963,TRUE,-0.936837057440004,-0.145760405669963,TRUE,"vertical",2,"robust","cluster_block_order",0,0,FALSE
"3",-0.547067141828154,-0.189842476071281,TRUE,-0.547067141828154,-0.189842476071281,TRUE,"vertical",2,"robust","cluster_block_order",0,0,FALSE
"4",1.19124601579933,-0.127404830438166,TRUE,1.19124601579933,-0.127404830438166,TRUE,"vertical",2,"robust","cluster_block_order",0,0,FALSE
"5",0.937888828750057,-0.298281069611612,TRUE,0.937888828750057,-0.298281069611612,TRUE,"vertical",2,"robust","cluster_block_order",0,0,FALSE
"6",-0.751832548745048,0.116849800722463,TRUE,-0.751832548745048,0.116849800722463,TRUE,"vertical",2,"robust","cluster_block_order",0,0,FALSE
"7",0.658099493097127,0.0147592761929638,TRUE,0.658099493097127,0.0147592761929638,TRUE,"vertical",2,"robust","cluster_block_order",0,0,FALSE
"8",-1.04667411781093,0.137747247770346,TRUE,-1.04667411781093,0.137747247770346,TRUE,"vertical",2,"robust","cluster_block_order",0,0,FALSE
"9",1.38555999963695,0.126412115502734,TRUE,1.38555999963695,0.126412115502734,TRUE,"vertical",2,"robust","cluster_block_order",0,0,FALSE
"1",1.332033563635,-0.195446748628299,TRUE,1.33203356361562,-0.195446748639723,TRUE,"vertical",2,"robust","global_row_order",1.93809412962764e-11,1.14239173676367e-11,FALSE
"10",-0.362086744230854,0.386524955699378,TRUE,-0.362086755431205,0.386525075466002,TRUE,"vertical",2,"robust","global_row_order",1.12003509245007e-08,1.19766623840611e-07,FALSE
"2",-0.936837057440004,-0.145760405669963,TRUE,-0.936837058487038,-0.145760405331856,TRUE,"vertical",2,"robust","global_row_order",1.04703423708941e-09,3.38106792563408e-10,FALSE
"3",-0.547067141828154,-0.189842476071281,TRUE,-0.547067141828153,-0.189842476071282,TRUE,"vertical",2,"robust","global_row_order",2.22044604925031e-16,1.11022302462516e-16,FALSE
"4",1.19124601579933,-0.127404830438166,TRUE,1.19124601579933,-0.127404830438166,TRUE,"vertical",2,"robust","global_row_order",0,0,FALSE
"5",0.937888828750057,-0.298281069611612,TRUE,0.937888781863719,-0.298281016909052,TRUE,"vertical",2,"robust","global_row_order",4.68863382563356e-08,5.27025594276864e-08,FALSE
"6",-0.751832548745048,0.116849800722463,TRUE,-0.751832548798036,0.116849800749566,TRUE,"vertical",2,"robust","global_row_order",5.29877253185873e-11,2.71027783549371e-11,FALSE
"7",0.658099493097127,0.0147592761929638,TRUE,0.658099390789588,0.0147593436502435,TRUE,"vertical",2,"robust","global_row_order",1.02307539440183e-07,6.74572796441342e-08,FALSE
"8",-1.04667411781093,0.137747247770346,TRUE,-1.04667411782805,0.137747247892057,TRUE,"vertical",2,"robust","global_row_order",1.71196390397199e-11,1.21710780343065e-10,FALSE
"9",1.38555999963695,0.126412115502734,TRUE,1.38556000060159,0.126412115968497,TRUE,"vertical",2,"robust","global_row_order",9.64644586431973e-10,4.65762872714492e-10,FALSE
"1",1.33943406586575,-0.206912699642176,TRUE,1.33943406586575,-0.206912699642176,TRUE,"vertical",2,"robustbase","exact_repeat",0,0,FALSE
"10",-0.320941799560461,0.402804468375771,TRUE,-0.320941799560461,0.402804468375771,TRUE,"vertical",2,"robustbase","exact_repeat",0,0,FALSE
"2",-0.969180045730493,-0.197573302377359,TRUE,-0.969180045730493,-0.197573302377359,TRUE,"vertical",2,"robustbase","exact_repeat",0,0,FALSE
"3",-0.538715528412828,-0.150999621267659,TRUE,-0.538715528412828,-0.150999621267659,TRUE,"vertical",2,"robustbase","exact_repeat",0,0,FALSE
"4",1.17849590696553,-0.147798485358079,TRUE,1.17849590696553,-0.147798485358079,TRUE,"vertical",2,"robustbase","exact_repeat",0,0,FALSE
"5",0.974438683247176,-0.303930313389271,TRUE,0.974438683247176,-0.303930313389271,TRUE,"vertical",2,"robustbase","exact_repeat",0,0,FALSE
"6",-0.820723190667806,0.118608408864437,TRUE,-0.820723190667806,0.118608408864437,TRUE,"vertical",2,"robustbase","exact_repeat",0,0,FALSE
"7",0.676832269430655,0.0150296338478989,TRUE,0.676832269430655,0.0150296338478989,TRUE,"vertical",2,"robustbase","exact_repeat",0,0,FALSE
"8",-1.06210940055339,0.174119568815678,TRUE,-1.06210940055339,0.174119568815678,TRUE,"vertical",2,"robustbase","exact_repeat",0,0,FALSE
"9",1.39823217532541,0.131969760297739,TRUE,1.39823217532541,0.131969760297739,TRUE,"vertical",2,"robustbase","exact_repeat",0,0,FALSE
"1",1.33943406586575,-0.206912699642176,TRUE,1.33943406586752,-0.206912699642587,TRUE,"vertical",2,"robustbase","within_cluster_row_order",1.76236802928997e-12,4.11698453106624e-13,FALSE
"10",-0.320941799560461,0.402804468375771,TRUE,-0.320941799545629,0.402804468379839,TRUE,"vertical",2,"robustbase","within_cluster_row_order",1.48314138748162e-11,4.06769062877288e-12,FALSE
"2",-0.969180045730493,-0.197573302377359,TRUE,-0.969180045730493,-0.197573302377359,TRUE,"vertical",2,"robustbase","within_cluster_row_order",3.33066907387547e-16,8.32667268468867e-17,FALSE
"3",-0.538715528412828,-0.150999621267659,TRUE,-0.538715528412828,-0.150999621267659,TRUE,"vertical",2,"robustbase","within_cluster_row_order",2.22044604925031e-16,5.55111512312578e-17,FALSE
"4",1.17849590696553,-0.147798485358079,TRUE,1.17849590696553,-0.147798485358079,TRUE,"vertical",2,"robustbase","within_cluster_row_order",0,5.55111512312578e-17,FALSE
"5",0.974438683247176,-0.303930313389271,TRUE,0.974438698291078,-0.303930317548695,TRUE,"vertical",2,"robustbase","within_cluster_row_order",1.50439024571014e-08,4.15942336129405e-09,FALSE
"6",-0.820723190667806,0.118608408864437,TRUE,-0.820723190667806,0.118608408864437,TRUE,"vertical",2,"robustbase","within_cluster_row_order",1.11022302462516e-16,9.71445146547012e-17,FALSE
"7",0.676832269430655,0.0150296338478989,TRUE,0.676832493198893,0.0150295616069798,TRUE,"vertical",2,"robustbase","within_cluster_row_order",2.23768238383215e-07,7.22409191598883e-08,FALSE
"8",-1.06210940055339,0.174119568815678,TRUE,-1.06210940055339,0.174119568815678,TRUE,"vertical",2,"robustbase","within_cluster_row_order",4.44089209850063e-16,8.32667268468867e-17,FALSE
"9",1.39823217532541,0.131969760297739,TRUE,1.39823217532541,0.131969760297739,TRUE,"vertical",2,"robustbase","within_cluster_row_order",1.33226762955019e-15,1.66533453693773e-16,FALSE
"1",1.33943406586575,-0.206912699642176,TRUE,1.33943406586752,-0.206912699642588,TRUE,"vertical",2,"robustbase","cluster_block_order",1.76370029691952e-12,4.12003764438396e-13,FALSE
"10",-0.320941799560461,0.402804468375771,TRUE,-0.320941799545629,0.402804468379839,TRUE,"vertical",2,"robustbase","cluster_block_order",1.48313028525138e-11,4.06752409531919e-12,FALSE
"2",-0.969180045730493,-0.197573302377359,TRUE,-0.969180045730493,-0.197573302377359,TRUE,"vertical",2,"robustbase","cluster_block_order",0,0,FALSE
"3",-0.538715528412828,-0.150999621267659,TRUE,-0.538715528412829,-0.150999621267657,TRUE,"vertical",2,"robustbase","cluster_block_order",7.7715611723761e-16,1.77635683940025e-15,FALSE
"4",1.17849590696553,-0.147798485358079,TRUE,1.17849590696531,-0.147798485358171,TRUE,"vertical",2,"robustbase","cluster_block_order",2.23154827949656e-13,9.14823772291129e-14,FALSE
"5",0.974438683247176,-0.303930313389271,TRUE,0.974438683247176,-0.303930313389271,TRUE,"vertical",2,"robustbase","cluster_block_order",0,0,FALSE
"6",-0.820723190667806,0.118608408864437,TRUE,-0.820723190667806,0.118608408864437,TRUE,"vertical",2,"robustbase","cluster_block_order",0,0,FALSE
"7",0.676832269430655,0.0150296338478989,TRUE,0.676832476280403,0.0150295670689136,TRUE,"vertical",2,"robustbase","cluster_block_order",2.06849748551896e-07,6.67789853258521e-08,FALSE
"8",-1.06210940055339,0.174119568815678,TRUE,-1.06210940055339,0.174119568815678,TRUE,"vertical",2,"robustbase","cluster_block_order",0,0,FALSE
"9",1.39823217532541,0.131969760297739,TRUE,1.39823217532541,0.131969760297739,TRUE,"vertical",2,"robustbase","cluster_block_order",0,0,FALSE
"1",1.33943406586575,-0.206912699642176,TRUE,1.33943406586555,-0.206912699642132,TRUE,"vertical",2,"robustbase","global_row_order",2.02504679691629e-13,4.32709423847655e-14,FALSE
"10",-0.320941799560461,0.402804468375771,TRUE,-0.320941799560461,0.402804468375771,TRUE,"vertical",2,"robustbase","global_row_order",5.55111512312578e-17,1.11022302462516e-16,FALSE
"2",-0.969180045730493,-0.197573302377359,TRUE,-0.96918004662279,-0.197573303965563,TRUE,"vertical",2,"robustbase","global_row_order",8.92297014054577e-10,1.58820484541522e-09,FALSE
"3",-0.538715528412828,-0.150999621267659,TRUE,-0.538715528412828,-0.150999621267659,TRUE,"vertical",2,"robustbase","global_row_order",4.44089209850063e-16,1.94289029309402e-16,FALSE
"4",1.17849590696553,-0.147798485358079,TRUE,1.17849590696548,-0.147798485358122,TRUE,"vertical",2,"robustbase","global_row_order",4.77395900588817e-14,4.27158308724529e-14,FALSE
"5",0.974438683247176,-0.303930313389271,TRUE,0.974438702388602,-0.303930318681601,TRUE,"vertical",2,"robustbase","global_row_order",1.91414265549028e-08,5.29232979662453e-09,FALSE
"6",-0.820723190667806,0.118608408864437,TRUE,-0.820723190667807,0.118608408864437,TRUE,"vertical",2,"robustbase","global_row_order",4.44089209850063e-16,9.71445146547012e-17,FALSE
"7",0.676832269430655,0.0150296338478989,TRUE,0.676832489075294,0.0150295629382351,TRUE,"vertical",2,"robustbase","global_row_order",2.1964463969848e-07,7.09096638334267e-08,FALSE
"8",-1.06210940055339,0.174119568815678,TRUE,-1.06210940055335,0.174119568815452,TRUE,"vertical",2,"robustbase","global_row_order",3.59712259978551e-14,2.26235696842991e-13,FALSE
"9",1.39823217532541,0.131969760297739,TRUE,1.39823217532541,0.131969760297739,TRUE,"vertical",2,"robustbase","global_row_order",1.55431223447522e-15,0,FALSE
"1",-0.187982303054025,-0.0453495923536764,TRUE,-0.187982303054025,-0.0453495923536764,TRUE,"vertical",3,"robust","exact_repeat",0,0,FALSE
"10",-1.2265217786848,-0.303125259786767,TRUE,-1.2265217786848,-0.303125259786767,TRUE,"vertical",3,"robust","exact_repeat",0,0,FALSE
"2",1.30600264790345,-0.18873415386594,TRUE,1.30600264790345,-0.18873415386594,TRUE,"vertical",3,"robust","exact_repeat",0,0,FALSE
"3",1.12399685866383,-0.163915545005215,TRUE,1.12399685866383,-0.163915545005215,TRUE,"vertical",3,"robust","exact_repeat",0,0,FALSE
"4",0.940090116321147,-0.171038556707681,TRUE,0.940090116321147,-0.171038556707681,TRUE,"vertical",3,"robust","exact_repeat",0,0,FALSE
"5",-0.4987005149311,0.11174817708304,TRUE,-0.4987005149311,0.11174817708304,TRUE,"vertical",3,"robust","exact_repeat",0,0,FALSE
"6",1.67756617378087,-0.204084515813508,TRUE,1.67756617378087,-0.204084515813508,TRUE,"vertical",3,"robust","exact_repeat",0,0,FALSE
"7",-0.768543964404622,-0.249226244235402,TRUE,-0.768543964404622,-0.249226244235402,TRUE,"vertical",3,"robust","exact_repeat",0,0,FALSE
"8",0.636567505458455,-0.118401702737801,TRUE,0.636567505458455,-0.118401702737801,TRUE,"vertical",3,"robust","exact_repeat",0,0,FALSE
"9",0.0999229931905568,-0.0509697286941322,TRUE,0.0999229931905568,-0.0509697286941322,TRUE,"vertical",3,"robust","exact_repeat",0,0,FALSE
"1",-0.187982303054025,-0.0453495923536764,TRUE,-0.187982271420063,-0.0453496354375035,TRUE,"vertical",3,"robust","within_cluster_row_order",3.16339618111616e-08,4.30838271447964e-08,FALSE
"10",-1.2265217786848,-0.303125259786767,TRUE,-1.22652177868453,-0.303125259786886,TRUE,"vertical",3,"robust","within_cluster_row_order",2.70894418008538e-13,1.18516307878735e-13,FALSE
"2",1.30600264790345,-0.18873415386594,TRUE,1.30600264755244,-0.188734154017635,TRUE,"vertical",3,"robust","within_cluster_row_order",3.5100677919786e-10,1.51695822570019e-10,FALSE
"3",1.12399685866383,-0.163915545005215,TRUE,1.12399685666116,-0.163915544761049,TRUE,"vertical",3,"robust","within_cluster_row_order",2.00267025185497e-09,2.44166326046624e-10,FALSE
"4",0.940090116321147,-0.171038556707681,TRUE,0.940090116321147,-0.171038556707681,TRUE,"vertical",3,"robust","within_cluster_row_order",0,5.55111512312578e-17,FALSE
"5",-0.4987005149311,0.11174817708304,TRUE,-0.4987005149311,0.11174817708304,TRUE,"vertical",3,"robust","within_cluster_row_order",5.55111512312578e-17,2.77555756156289e-17,FALSE
"6",1.67756617378087,-0.204084515813508,TRUE,1.67756700356489,-0.204085452568193,TRUE,"vertical",3,"robust","within_cluster_row_order",8.29784022160496e-07,9.36754685737506e-07,FALSE
"7",-0.768543964404622,-0.249226244235402,TRUE,-0.768543963482402,-0.249226242590567,TRUE,"vertical",3,"robust","within_cluster_row_order",9.22219745014274e-10,1.64483476838839e-09,FALSE
"8",0.636567505458455,-0.118401702737801,TRUE,0.6365674732051,-0.118401690111933,TRUE,"vertical",3,"robust","within_cluster_row_order",3.22533546537329e-08,1.26258679761238e-08,FALSE
"9",0.0999229931905568,-0.0509697286941322,TRUE,0.0999229931905567,-0.0509697286941324,TRUE,"vertical",3,"robust","within_cluster_row_order",9.71445146547012e-17,1.73472347597681e-16,FALSE
"1",-0.187982303054025,-0.0453495923536764,TRUE,-0.187982303054025,-0.0453495923536764,TRUE,"vertical",3,"robust","cluster_block_order",0,0,FALSE
"10",-1.2265217786848,-0.303125259786767,TRUE,-1.2265217786848,-0.303125259786767,TRUE,"vertical",3,"robust","cluster_block_order",0,0,FALSE
"2",1.30600264790345,-0.18873415386594,TRUE,1.30600264790345,-0.18873415386594,TRUE,"vertical",3,"robust","cluster_block_order",0,0,FALSE
"3",1.12399685866383,-0.163915545005215,TRUE,1.12399685866383,-0.163915545005215,TRUE,"vertical",3,"robust","cluster_block_order",0,0,FALSE
"4",0.940090116321147,-0.171038556707681,TRUE,0.940090116321147,-0.171038556707681,TRUE,"vertical",3,"robust","cluster_block_order",0,0,FALSE
"5",-0.4987005149311,0.11174817708304,TRUE,-0.4987005149311,0.11174817708304,TRUE,"vertical",3,"robust","cluster_block_order",0,0,FALSE
"6",1.67756617378087,-0.204084515813508,TRUE,1.67756617378087,-0.204084515813508,TRUE,"vertical",3,"robust","cluster_block_order",0,0,FALSE
"7",-0.768543964404622,-0.249226244235402,TRUE,-0.768543964404622,-0.249226244235402,TRUE,"vertical",3,"robust","cluster_block_order",0,0,FALSE
"8",0.636567505458455,-0.118401702737801,TRUE,0.636567505458455,-0.118401702737801,TRUE,"vertical",3,"robust","cluster_block_order",0,0,FALSE
"9",0.0999229931905568,-0.0509697286941322,TRUE,0.0999229931905568,-0.0509697286941322,TRUE,"vertical",3,"robust","cluster_block_order",0,0,FALSE
"1",-0.187982303054025,-0.0453495923536764,TRUE,-0.187982301551922,-0.0453495943994635,TRUE,"vertical",3,"robust","global_row_order",1.50210313631938e-09,2.0457871091617e-09,FALSE
"10",-1.2265217786848,-0.303125259786767,TRUE,-1.22652177644495,-0.303125260764189,TRUE,"vertical",3,"robust","global_row_order",2.2398456422934e-09,9.77422365266989e-10,FALSE
"2",1.30600264790345,-0.18873415386594,TRUE,1.30600264865906,-0.188734153539385,TRUE,"vertical",3,"robust","global_row_order",7.55610907177129e-10,3.26554810969881e-10,FALSE
"3",1.12399685866383,-0.163915545005215,TRUE,1.12399676532765,-0.163915533625628,TRUE,"vertical",3,"robust","global_row_order",9.33361803401311e-08,1.1379586911664e-08,FALSE
"4",0.940090116321147,-0.171038556707681,TRUE,0.940090116321147,-0.171038556707681,TRUE,"vertical",3,"robust","global_row_order",0,8.32667268468867e-17,FALSE
"5",-0.4987005149311,0.11174817708304,TRUE,-0.4987005149311,0.11174817708304,TRUE,"vertical",3,"robust","global_row_order",0,2.77555756156289e-17,FALSE
"6",1.67756617378087,-0.204084515813508,TRUE,1.6775663591786,-0.204084725111777,TRUE,"vertical",3,"robust","global_row_order",1.85397734053794e-07,2.09298268855074e-07,FALSE
"7",-0.768543964404622,-0.249226244235402,TRUE,-0.768543971850286,-0.249226257515195,TRUE,"vertical",3,"robust","global_row_order",7.44566441834849e-09,1.32797935703532e-08,FALSE
"8",0.636567505458455,-0.118401702737801,TRUE,0.636567514826535,-0.118401706405021,TRUE,"vertical",3,"robust","global_row_order",9.36807997842237e-09,3.66721981948093e-09,FALSE
"9",0.0999229931905568,-0.0509697286941322,TRUE,0.0999229931905568,-0.0509697286941323,TRUE,"vertical",3,"robust","global_row_order",5.55111512312578e-17,1.17961196366423e-16,FALSE
"1",-0.179616789432531,-0.0443556094134916,TRUE,-0.179616789432531,-0.0443556094134916,TRUE,"vertical",3,"robustbase","exact_repeat",0,0,FALSE
"10",-1.21514902881401,-0.307685102016789,TRUE,-1.21514902881401,-0.307685102016789,TRUE,"vertical",3,"robustbase","exact_repeat",0,0,FALSE
"2",1.33807911598529,-0.188073465602186,TRUE,1.33807911598529,-0.188073465602186,TRUE,"vertical",3,"robustbase","exact_repeat",0,0,FALSE
"3",1.17872551276218,-0.178240305351567,TRUE,1.17872551276218,-0.178240305351567,TRUE,"vertical",3,"robustbase","exact_repeat",0,0,FALSE
"4",0.871507280716759,-0.113873091887214,TRUE,0.871507280716759,-0.113873091887214,TRUE,"vertical",3,"robustbase","exact_repeat",0,0,FALSE
"5",-0.499915154742734,0.114679554039658,TRUE,-0.499915154742734,0.114679554039658,TRUE,"vertical",3,"robustbase","exact_repeat",0,0,FALSE
"6",1.70526153217564,-0.222827409675042,TRUE,1.70526153217564,-0.222827409675042,TRUE,"vertical",3,"robustbase","exact_repeat",0,0,FALSE
"7",-0.749437060822977,-0.225605764688513,TRUE,-0.749437060822977,-0.225605764688513,TRUE,"vertical",3,"robustbase","exact_repeat",0,0,FALSE
"8",0.656352614426928,-0.137949616350244,TRUE,0.656352614426928,-0.137949616350244,TRUE,"vertical",3,"robustbase","exact_repeat",0,0,FALSE
"9",0.102559152256326,-0.0669354300661224,TRUE,0.102559152256326,-0.0669354300661224,TRUE,"vertical",3,"robustbase","exact_repeat",0,0,FALSE
"1",-0.179616789432531,-0.0443556094134916,TRUE,-0.179616789011534,-0.0443556096166918,TRUE,"vertical",3,"robustbase","within_cluster_row_order",4.20996765226889e-10,2.03200206660981e-10,FALSE
"10",-1.21514902881401,-0.307685102016789,TRUE,-1.21514902881402,-0.307685102016791,TRUE,"vertical",3,"robustbase","within_cluster_row_order",7.105427357601e-15,2.66453525910038e-15,FALSE
"2",1.33807911598529,-0.188073465602186,TRUE,1.33807911651605,-0.188073467741019,TRUE,"vertical",3,"robustbase","within_cluster_row_order",5.30762322981104e-10,2.138832777554e-09,FALSE
"3",1.17872551276218,-0.178240305351567,TRUE,1.17872551545946,-0.178240302315131,TRUE,"vertical",3,"robustbase","within_cluster_row_order",2.69727817858723e-09,3.03643588051017e-09,FALSE
"4",0.871507280716759,-0.113873091887214,TRUE,0.871507280716759,-0.113873091887214,TRUE,"vertical",3,"robustbase","within_cluster_row_order",3.33066907387547e-16,1.38777878078145e-16,FALSE
"5",-0.499915154742734,0.114679554039658,TRUE,-0.499915154748479,0.114679554034329,TRUE,"vertical",3,"robustbase","within_cluster_row_order",5.74501557437657e-12,5.32894561811048e-12,FALSE
"6",1.70526153217564,-0.222827409675042,TRUE,1.7052615321765,-0.222827409675841,TRUE,"vertical",3,"robustbase","within_cluster_row_order",8.59312621059871e-13,7.98167087978641e-13,FALSE
"7",-0.749437060822977,-0.225605764688513,TRUE,-0.749437060823428,-0.225605764689537,TRUE,"vertical",3,"robustbase","within_cluster_row_order",4.51194637207664e-13,1.02379216215809e-12,FALSE
"8",0.656352614426928,-0.137949616350244,TRUE,0.656352614647683,-0.137949616328505,TRUE,"vertical",3,"robustbase","within_cluster_row_order",2.20754303725812e-10,2.17391937784583e-11,FALSE
"9",0.102559152256326,-0.0669354300661224,TRUE,0.102559152256334,-0.0669354300661783,TRUE,"vertical",3,"robustbase","within_cluster_row_order",7.71605002114484e-15,5.59413626533001e-14,FALSE
"1",-0.179616789432531,-0.0443556094134916,TRUE,-0.179616788964402,-0.044355609639441,TRUE,"vertical",3,"robustbase","cluster_block_order",4.68129396358208e-10,2.25949398080516e-10,FALSE
"10",-1.21514902881401,-0.307685102016789,TRUE,-1.21514902881401,-0.307685102016789,TRUE,"vertical",3,"robustbase","cluster_block_order",0,0,FALSE
"2",1.33807911598529,-0.188073465602186,TRUE,1.33807911651605,-0.188073467741019,TRUE,"vertical",3,"robustbase","cluster_block_order",5.30762989114919e-10,2.13883286082073e-09,FALSE
"3",1.17872551276218,-0.178240305351567,TRUE,1.17872551545946,-0.178240302315131,TRUE,"vertical",3,"robustbase","cluster_block_order",2.69727773449802e-09,3.03643582499902e-09,FALSE
"4",0.871507280716759,-0.113873091887214,TRUE,0.871507280716759,-0.113873091887214,TRUE,"vertical",3,"robustbase","cluster_block_order",0,0,FALSE
"5",-0.499915154742734,0.114679554039658,TRUE,-0.49991515474366,0.114679554038799,TRUE,"vertical",3,"robustbase","cluster_block_order",9.26259069444768e-13,8.58840776274405e-13,FALSE
"6",1.70526153217564,-0.222827409675042,TRUE,1.70526153217564,-0.222827409675042,TRUE,"vertical",3,"robustbase","cluster_block_order",0,0,FALSE
"7",-0.749437060822977,-0.225605764688513,TRUE,-0.749437060823428,-0.225605764689537,TRUE,"vertical",3,"robustbase","cluster_block_order",4.51305659510126e-13,1.02368113985563e-12,FALSE
"8",0.656352614426928,-0.137949616350244,TRUE,0.656352614647683,-0.137949616328505,TRUE,"vertical",3,"robustbase","cluster_block_order",2.20754303725812e-10,2.17391660228827e-11,FALSE
"9",0.102559152256326,-0.0669354300661224,TRUE,0.102559152256326,-0.0669354300661224,TRUE,"vertical",3,"robustbase","cluster_block_order",0,0,FALSE
"1",-0.179616789432531,-0.0443556094134916,TRUE,-0.179616788965317,-0.0443556096389992,TRUE,"vertical",3,"robustbase","global_row_order",4.67214156252282e-10,2.25507681972381e-10,FALSE
"10",-1.21514902881401,-0.307685102016789,TRUE,-1.21514902881401,-0.307685102016789,TRUE,"vertical",3,"robustbase","global_row_order",4.44089209850063e-16,5.55111512312578e-17,FALSE
"2",1.33807911598529,-0.188073465602186,TRUE,1.33807911651605,-0.188073467741019,TRUE,"vertical",3,"robustbase","global_row_order",5.30762545025709e-10,2.13883274979842e-09,FALSE
"3",1.17872551276218,-0.178240305351567,TRUE,1.17872551545946,-0.178240302315131,TRUE,"vertical",3,"robustbase","global_row_order",2.69727817858723e-09,3.03643588051017e-09,FALSE
"4",0.871507280716759,-0.113873091887214,TRUE,0.871507280717187,-0.113873091886695,TRUE,"vertical",3,"robustbase","global_row_order",4.27324842178223e-13,5.19514986585534e-13,FALSE
"5",-0.499915154742734,0.114679554039658,TRUE,-0.499915154743993,0.114679554038491,TRUE,"vertical",3,"robustbase","global_row_order",1.25915944337862e-12,1.16759379942266e-12,FALSE
"6",1.70526153217564,-0.222827409675042,TRUE,1.70526153217692,-0.222827409676311,TRUE,"vertical",3,"robustbase","global_row_order",1.27964305818296e-12,1.26895716157094e-12,FALSE
"7",-0.749437060822977,-0.225605764688513,TRUE,-0.749437060823428,-0.225605764689537,TRUE,"vertical",3,"robustbase","global_row_order",4.51083614905201e-13,1.02370889543124e-12,FALSE
"8",0.656352614426928,-0.137949616350244,TRUE,0.656352614694549,-0.137949616323891,TRUE,"vertical",3,"robustbase","global_row_order",2.67620259286616e-10,2.6352448001532e-11,FALSE
"9",0.102559152256326,-0.0669354300661224,TRUE,0.102559152256334,-0.0669354300661783,TRUE,"vertical",3,"robustbase","global_row_order",7.75768338456828e-15,5.59413626533001e-14,FALSE
"1",1.25039415446773,-0.103170539385972,TRUE,1.25039415446773,-0.103170539385972,TRUE,"vertical",4,"robust","exact_repeat",0,0,FALSE
"10",0.673169005472945,0.186247443230256,TRUE,0.673169005472945,0.186247443230256,TRUE,"vertical",4,"robust","exact_repeat",0,0,FALSE
"2",1.67290397615792,-0.301802694004563,TRUE,1.67290397615792,-0.301802694004563,TRUE,"vertical",4,"robust","exact_repeat",0,0,FALSE
"3",-0.0296402193008312,-0.128368059098188,TRUE,-0.0296402193008312,-0.128368059098188,TRUE,"vertical",4,"robust","exact_repeat",0,0,FALSE
"4",-0.47691380758183,0.236710865676381,TRUE,-0.47691380758183,0.236710865676381,TRUE,"vertical",4,"robust","exact_repeat",0,0,FALSE
"5",-0.214078189457422,-0.147211382627714,TRUE,-0.214078189457422,-0.147211382627714,TRUE,"vertical",4,"robust","exact_repeat",0,0,FALSE
"6",1.7326348721184,-0.258348363604729,TRUE,1.7326348721184,-0.258348363604729,TRUE,"vertical",4,"robust","exact_repeat",0,0,FALSE
"7",-0.565501989534607,-0.237385965012209,TRUE,-0.565501989534607,-0.237385965012209,TRUE,"vertical",4,"robust","exact_repeat",0,0,FALSE
"8",0.25672929674132,0.0221632243166909,TRUE,0.25672929674132,0.0221632243166909,TRUE,"vertical",4,"robust","exact_repeat",0,0,FALSE
"9",-0.776132732590047,-0.144461928474894,TRUE,-0.776132732590047,-0.144461928474894,TRUE,"vertical",4,"robust","exact_repeat",0,0,FALSE
"1",1.25039415446773,-0.103170539385972,TRUE,1.25039480737194,-0.103170421230721,TRUE,"vertical",4,"robust","within_cluster_row_order",6.52904208253702e-07,1.18155250805607e-07,FALSE
"10",0.673169005472945,0.186247443230256,TRUE,0.67316900996564,0.186247445095096,TRUE,"vertical",4,"robust","within_cluster_row_order",4.49269477176273e-09,1.86483981035046e-09,FALSE
"2",1.67290397615792,-0.301802694004563,TRUE,1.67290397615792,-0.301802694004563,TRUE,"vertical",4,"robust","within_cluster_row_order",0,0,FALSE
"3",-0.0296402193008312,-0.128368059098188,TRUE,-0.0296402193008312,-0.128368059098188,TRUE,"vertical",4,"robust","within_cluster_row_order",3.12250225675825e-17,0,FALSE
"4",-0.47691380758183,0.236710865676381,TRUE,-0.47691380758183,0.236710865676381,TRUE,"vertical",4,"robust","within_cluster_row_order",5.55111512312578e-17,1.11022302462516e-16,FALSE
"5",-0.214078189457422,-0.147211382627714,TRUE,-0.214078189457422,-0.147211382627714,TRUE,"vertical",4,"robust","within_cluster_row_order",2.77555756156289e-17,0,FALSE
"6",1.7326348721184,-0.258348363604729,TRUE,1.7326348721184,-0.258348363604729,TRUE,"vertical",4,"robust","within_cluster_row_order",0,1.66533453693773e-16,FALSE
"7",-0.565501989534607,-0.237385965012209,TRUE,-0.565501989534607,-0.237385965012209,TRUE,"vertical",4,"robust","within_cluster_row_order",1.11022302462516e-16,1.66533453693773e-16,FALSE
"8",0.25672929674132,0.0221632243166909,TRUE,0.256729313650267,0.0221632268557747,TRUE,"vertical",4,"robust","within_cluster_row_order",1.69089471313555e-08,2.53908382860657e-09,FALSE
"9",-0.776132732590047,-0.144461928474894,TRUE,-0.776132732647075,-0.144461928498329,TRUE,"vertical",4,"robust","within_cluster_row_order",5.70281599721056e-11,2.34349761818464e-11,FALSE
"1",1.25039415446773,-0.103170539385972,TRUE,1.25039415446773,-0.103170539385972,TRUE,"vertical",4,"robust","cluster_block_order",0,0,FALSE
"10",0.673169005472945,0.186247443230256,TRUE,0.673169005472945,0.186247443230256,TRUE,"vertical",4,"robust","cluster_block_order",0,0,FALSE
"2",1.67290397615792,-0.301802694004563,TRUE,1.67290397615792,-0.301802694004563,TRUE,"vertical",4,"robust","cluster_block_order",0,0,FALSE
"3",-0.0296402193008312,-0.128368059098188,TRUE,-0.0296402193008312,-0.128368059098188,TRUE,"vertical",4,"robust","cluster_block_order",0,0,FALSE
"4",-0.47691380758183,0.236710865676381,TRUE,-0.47691380758183,0.236710865676381,TRUE,"vertical",4,"robust","cluster_block_order",0,0,FALSE
"5",-0.214078189457422,-0.147211382627714,TRUE,-0.214078189457422,-0.147211382627714,TRUE,"vertical",4,"robust","cluster_block_order",0,0,FALSE
"6",1.7326348721184,-0.258348363604729,TRUE,1.7326348721184,-0.258348363604729,TRUE,"vertical",4,"robust","cluster_block_order",0,0,FALSE
"7",-0.565501989534607,-0.237385965012209,TRUE,-0.565501989534607,-0.237385965012209,TRUE,"vertical",4,"robust","cluster_block_order",0,0,FALSE
"8",0.25672929674132,0.0221632243166909,TRUE,0.25672929674132,0.0221632243166909,TRUE,"vertical",4,"robust","cluster_block_order",0,0,FALSE
"9",-0.776132732590047,-0.144461928474894,TRUE,-0.776132732590047,-0.144461928474894,TRUE,"vertical",4,"robust","cluster_block_order",0,0,FALSE
"1",1.25039415446773,-0.103170539385972,TRUE,1.25039479097571,-0.103170424198668,TRUE,"vertical",4,"robust","global_row_order",6.36507981877088e-07,1.15187303459385e-07,FALSE
"10",0.673169005472945,0.186247443230256,TRUE,0.673169008243469,0.186247444380252,TRUE,"vertical",4,"robust","global_row_order",2.77052347730233e-09,1.14999590405951e-09,FALSE
"2",1.67290397615792,-0.301802694004563,TRUE,1.67290397615792,-0.301802694004563,TRUE,"vertical",4,"robust","global_row_order",0,0,FALSE
"3",-0.0296402193008312,-0.128368059098188,TRUE,-0.0296402193008313,-0.128368059098188,TRUE,"vertical",4,"robust","global_row_order",9.71445146547012e-17,2.77555756156289e-17,FALSE
"4",-0.47691380758183,0.236710865676381,TRUE,-0.47691380758183,0.236710865676381,TRUE,"vertical",4,"robust","global_row_order",0,2.77555756156289e-17,FALSE
"5",-0.214078189457422,-0.147211382627714,TRUE,-0.214078189457422,-0.147211382627714,TRUE,"vertical",4,"robust","global_row_order",0,2.77555756156289e-17,FALSE
"6",1.7326348721184,-0.258348363604729,TRUE,1.7326348721184,-0.258348363604729,TRUE,"vertical",4,"robust","global_row_order",0,5.55111512312578e-17,FALSE
"7",-0.565501989534607,-0.237385965012209,TRUE,-0.565501989534607,-0.237385965012209,TRUE,"vertical",4,"robust","global_row_order",1.11022302462516e-16,1.66533453693773e-16,FALSE
"8",0.25672929674132,0.0221632243166909,TRUE,0.25672930627886,0.0221632257488685,TRUE,"vertical",4,"robust","global_row_order",9.53754059063172e-09,1.43217761608416e-09,FALSE
"9",-0.776132732590047,-0.144461928474894,TRUE,-0.776132626925942,-0.144461885053568,TRUE,"vertical",4,"robust","global_row_order",1.05664105465308e-07,4.34213257016758e-08,FALSE
"1",1.23146157509199,-0.0370466755070426,TRUE,1.23146157509199,-0.0370466755070426,TRUE,"vertical",4,"robustbase","exact_repeat",0,0,FALSE
"10",0.673643119076895,0.217025211573861,TRUE,0.673643119076895,0.217025211573861,TRUE,"vertical",4,"robustbase","exact_repeat",0,0,FALSE
"2",1.67090688898924,-0.272796338224478,TRUE,1.67090688898924,-0.272796338224478,TRUE,"vertical",4,"robustbase","exact_repeat",0,0,FALSE
"3",-0.019355718721933,-0.123602430288689,TRUE,-0.019355718721933,-0.123602430288689,TRUE,"vertical",4,"robustbase","exact_repeat",0,0,FALSE
"4",-0.476299490108722,0.2428105095717,TRUE,-0.476299490108722,0.2428105095717,TRUE,"vertical",4,"robustbase","exact_repeat",0,0,FALSE
"5",-0.210938020058968,-0.193760676438798,TRUE,-0.210938020058968,-0.193760676438798,TRUE,"vertical",4,"robustbase","exact_repeat",0,0,FALSE
"6",1.75013903473168,-0.259572254220496,TRUE,1.75013903473168,-0.259572254220496,TRUE,"vertical",4,"robustbase","exact_repeat",0,0,FALSE
"7",-0.535624555225603,-0.266741217593319,TRUE,-0.535624555225603,-0.266741217593319,TRUE,"vertical",4,"robustbase","exact_repeat",0,0,FALSE
"8",0.227187479021069,-0.00170239200388924,TRUE,0.227187479021069,-0.00170239200388924,TRUE,"vertical",4,"robustbase","exact_repeat",0,0,FALSE
"9",-0.778604251666368,-0.151881644448509,TRUE,-0.778604251666368,-0.151881644448509,TRUE,"vertical",4,"robustbase","exact_repeat",0,0,FALSE
"1",1.23146157509199,-0.0370466755070426,TRUE,1.23146157450039,-0.0370466754743324,TRUE,"vertical",4,"robustbase","within_cluster_row_order",5.91603432908983e-10,3.27101679076236e-11,FALSE
"10",0.673643119076895,0.217025211573861,TRUE,0.673643119076895,0.217025211573861,TRUE,"vertical",4,"robustbase","within_cluster_row_order",1.11022302462516e-16,2.77555756156289e-17,FALSE
"2",1.67090688898924,-0.272796338224478,TRUE,1.67090688898924,-0.272796338224478,TRUE,"vertical",4,"robustbase","within_cluster_row_order",2.22044604925031e-16,5.55111512312578e-17,FALSE
"3",-0.019355718721933,-0.123602430288689,TRUE,-0.0193557187219247,-0.123602430288686,TRUE,"vertical",4,"robustbase","within_cluster_row_order",8.28850876821718e-15,3.80251385934116e-15,FALSE
"4",-0.476299490108722,0.2428105095717,TRUE,-0.476299490171108,0.242810509015744,TRUE,"vertical",4,"robustbase","within_cluster_row_order",6.23853746439806e-11,5.55956364278742e-10,FALSE
"5",-0.210938020058968,-0.193760676438798,TRUE,-0.210938013617274,-0.193760684441577,TRUE,"vertical",4,"robustbase","within_cluster_row_order",6.44169445562781e-09,8.00277941137573e-09,FALSE
"6",1.75013903473168,-0.259572254220496,TRUE,1.750139034786,-0.259572254266775,TRUE,"vertical",4,"robustbase","within_cluster_row_order",5.4322990550304e-11,4.62792026922898e-11,FALSE
"7",-0.535624555225603,-0.266741217593319,TRUE,-0.535624555225603,-0.26674121759332,TRUE,"vertical",4,"robustbase","within_cluster_row_order",2.22044604925031e-16,4.9960036108132e-16,FALSE
"8",0.227187479021069,-0.00170239200388924,TRUE,0.227187478217,-0.00170239268591579,TRUE,"vertical",4,"robustbase","within_cluster_row_order",8.04069089088699e-10,6.82026556975482e-10,FALSE
"9",-0.778604251666368,-0.151881644448509,TRUE,-0.778604251666368,-0.151881644448509,TRUE,"vertical",4,"robustbase","within_cluster_row_order",2.22044604925031e-16,5.55111512312578e-17,FALSE
"1",1.23146157509199,-0.0370466755070426,TRUE,1.23146157450039,-0.0370466754743326,TRUE,"vertical",4,"robustbase","cluster_block_order",5.91603876998192e-10,3.27100291297455e-11,FALSE
"10",0.673643119076895,0.217025211573861,TRUE,0.673643119076895,0.217025211573861,TRUE,"vertical",4,"robustbase","cluster_block_order",0,0,FALSE
"2",1.67090688898924,-0.272796338224478,TRUE,1.67090688898924,-0.272796338224478,TRUE,"vertical",4,"robustbase","cluster_block_order",0,0,FALSE
"3",-0.019355718721933,-0.123602430288689,TRUE,-0.0193557187219252,-0.123602430288686,TRUE,"vertical",4,"robustbase","cluster_block_order",7.86523624007884e-15,3.67761376907083e-15,FALSE
"4",-0.476299490108722,0.2428105095717,TRUE,-0.476299490127379,0.242810509405513,TRUE,"vertical",4,"robustbase","cluster_block_order",1.86572979288258e-11,1.66187119621242e-10,FALSE
"5",-0.210938020058968,-0.193760676438798,TRUE,-0.210938020058968,-0.193760676438798,TRUE,"vertical",4,"robustbase","cluster_block_order",0,0,FALSE
"6",1.75013903473168,-0.259572254220496,TRUE,1.75013903453753,-0.259572254055096,TRUE,"vertical",4,"robustbase","cluster_block_order",1.94153804145003e-10,1.65399915985631e-10,FALSE
"7",-0.535624555225603,-0.266741217593319,TRUE,-0.535624555225606,-0.266741217593309,TRUE,"vertical",4,"robustbase","cluster_block_order",3.21964677141295e-15,9.93649607039515e-15,FALSE
"8",0.227187479021069,-0.00170239200388924,TRUE,0.227187479021069,-0.00170239200388924,TRUE,"vertical",4,"robustbase","cluster_block_order",0,0,FALSE
"9",-0.778604251666368,-0.151881644448509,TRUE,-0.778604251666368,-0.151881644448509,TRUE,"vertical",4,"robustbase","cluster_block_order",0,0,FALSE
"1",1.23146157509199,-0.0370466755070426,TRUE,1.23146157509199,-0.0370466755070425,TRUE,"vertical",4,"robustbase","global_row_order",0,1.59594559789866e-16,FALSE
"10",0.673643119076895,0.217025211573861,TRUE,0.673643119076895,0.217025211573861,TRUE,"vertical",4,"robustbase","global_row_order",2.22044604925031e-16,0,FALSE
"2",1.67090688898924,-0.272796338224478,TRUE,1.67090688898145,-0.272796338079089,TRUE,"vertical",4,"robustbase","global_row_order",7.79176723142427e-12,1.45388812100578e-10,FALSE
"3",-0.019355718721933,-0.123602430288689,TRUE,-0.0193557187219251,-0.123602430288686,TRUE,"vertical",4,"robustbase","global_row_order",7.89993070959838e-15,3.7470027081099e-15,FALSE
"4",-0.476299490108722,0.2428105095717,TRUE,-0.476299490107621,0.242810509581523,TRUE,"vertical",4,"robustbase","global_row_order",1.10145226273062e-12,9.82305903285408e-12,FALSE
"5",-0.210938020058968,-0.193760676438798,TRUE,-0.210938013481106,-0.193760684610744,TRUE,"vertical",4,"robustbase","global_row_order",6.57786167201913e-09,8.17194567570567e-09,FALSE
"6",1.75013903473168,-0.259572254220496,TRUE,1.75013903466904,-0.25957225416712,TRUE,"vertical",4,"robustbase","global_row_order",6.26374507817218e-11,5.33754151987864e-11,FALSE
"7",-0.535624555225603,-0.266741217593319,TRUE,-0.535624555225541,-0.266741217593556,TRUE,"vertical",4,"robustbase","global_row_order",6.13953332617712e-14,2.37365682664858e-13,FALSE
"8",0.227187479021069,-0.00170239200388924,TRUE,0.227187479021069,-0.00170239200388923,TRUE,"vertical",4,"robustbase","global_row_order",0,5.42101086242752e-18,FALSE
"9",-0.778604251666368,-0.151881644448509,TRUE,-0.77860425167009,-0.15188164445689,TRUE,"vertical",4,"robustbase","global_row_order",3.72146757854352e-12,8.38110136847092e-12,FALSE
"1",-0.395401334625819,0.230568092222839,TRUE,-0.395401334625819,0.230568092222839,TRUE,"vertical",5,"robust","exact_repeat",0,0,FALSE
"10",1.73763832264668,0.029256583025255,TRUE,1.73763832264668,0.029256583025255,TRUE,"vertical",5,"robust","exact_repeat",0,0,FALSE
"2",1.09318003166233,0.112792069867127,TRUE,1.09318003166233,0.112792069867127,TRUE,"vertical",5,"robust","exact_repeat",0,0,FALSE
"3",0.11031602776389,0.193681446378595,TRUE,0.11031602776389,0.193681446378595,TRUE,"vertical",5,"robust","exact_repeat",0,0,FALSE
"4",0.230608056643364,-0.00729030819460421,TRUE,0.230608056643364,-0.00729030819460421,TRUE,"vertical",5,"robust","exact_repeat",0,0,FALSE
"5",0.710400958039896,-0.222108106265207,TRUE,0.710400958039896,-0.222108106265207,TRUE,"vertical",5,"robust","exact_repeat",0,0,FALSE
"6",-0.877135323906834,0.212294029570882,TRUE,-0.877135323906834,0.212294029570882,TRUE,"vertical",5,"robust","exact_repeat",0,0,FALSE
"7",-0.386134034381523,-0.0582258630160016,TRUE,-0.386134034381523,-0.0582258630160016,TRUE,"vertical",5,"robust","exact_repeat",0,0,FALSE
"8",-1.03781049635851,-0.248569638300055,TRUE,-1.03781049635851,-0.248569638300055,TRUE,"vertical",5,"robust","exact_repeat",0,0,FALSE
"9",-1.04744108031301,0.299993540337039,TRUE,-1.04744108031301,0.299993540337039,TRUE,"vertical",5,"robust","exact_repeat",0,0,FALSE
"1",-0.395401334625819,0.230568092222839,TRUE,-0.395401353613392,0.230568080639898,TRUE,"vertical",5,"robust","within_cluster_row_order",1.89875722367283e-08,1.15829411617696e-08,FALSE
"10",1.73763832264668,0.029256583025255,TRUE,1.73763827338678,0.0292566162491356,TRUE,"vertical",5,"robust","within_cluster_row_order",4.92599001589156e-08,3.32238806362295e-08,FALSE
"2",1.09318003166233,0.112792069867127,TRUE,1.09318003166233,0.112792069867127,TRUE,"vertical",5,"robust","within_cluster_row_order",0,1.38777878078145e-16,FALSE
"3",0.11031602776389,0.193681446378595,TRUE,0.110316027351991,0.193681446142331,TRUE,"vertical",5,"robust","within_cluster_row_order",4.1189947286302e-10,2.36263952846372e-10,FALSE
"4",0.230608056643364,-0.00729030819460421,TRUE,0.230608056643364,-0.00729030819460418,TRUE,"vertical",5,"robust","within_cluster_row_order",2.77555756156289e-17,2.77555756156289e-17,FALSE
"5",0.710400958039896,-0.222108106265207,TRUE,0.710400958041167,-0.222108106266371,TRUE,"vertical",5,"robust","within_cluster_row_order",1.2712053631958e-12,1.1634027075047e-12,FALSE
"6",-0.877135323906834,0.212294029570882,TRUE,-0.877135323906834,0.212294029570882,TRUE,"vertical",5,"robust","within_cluster_row_order",0,2.77555756156289e-17,FALSE
"7",-0.386134034381523,-0.0582258630160016,TRUE,-0.386134509431026,-0.0582256760837594,TRUE,"vertical",5,"robust","within_cluster_row_order",4.75049503512182e-07,1.86932242171589e-07,FALSE
"8",-1.03781049635851,-0.248569638300055,TRUE,-1.03781063455344,-0.248570080023003,TRUE,"vertical",5,"robust","within_cluster_row_order",1.38194928389623e-07,4.41722948357759e-07,FALSE
"9",-1.04744108031301,0.299993540337039,TRUE,-1.04744109963925,0.299993554682613,TRUE,"vertical",5,"robust","within_cluster_row_order",1.93262381653625e-08,1.43455738399467e-08,FALSE
"1",-0.395401334625819,0.230568092222839,TRUE,-0.395401334625819,0.230568092222839,TRUE,"vertical",5,"robust","cluster_block_order",0,0,FALSE
"10",1.73763832264668,0.029256583025255,TRUE,1.73763832264668,0.029256583025255,TRUE,"vertical",5,"robust","cluster_block_order",0,0,FALSE
"2",1.09318003166233,0.112792069867127,TRUE,1.09318003166233,0.112792069867127,TRUE,"vertical",5,"robust","cluster_block_order",0,0,FALSE
"3",0.11031602776389,0.193681446378595,TRUE,0.11031602776389,0.193681446378595,TRUE,"vertical",5,"robust","cluster_block_order",0,0,FALSE
"4",0.230608056643364,-0.00729030819460421,TRUE,0.230608056643364,-0.00729030819460421,TRUE,"vertical",5,"robust","cluster_block_order",0,0,FALSE
"5",0.710400958039896,-0.222108106265207,TRUE,0.710400958039896,-0.222108106265207,TRUE,"vertical",5,"robust","cluster_block_order",0,0,FALSE
"6",-0.877135323906834,0.212294029570882,TRUE,-0.877135323906834,0.212294029570882,TRUE,"vertical",5,"robust","cluster_block_order",0,0,FALSE
"7",-0.386134034381523,-0.0582258630160016,TRUE,-0.386134034381523,-0.0582258630160016,TRUE,"vertical",5,"robust","cluster_block_order",0,0,FALSE
"8",-1.03781049635851,-0.248569638300055,TRUE,-1.03781049635851,-0.248569638300055,TRUE,"vertical",5,"robust","cluster_block_order",0,0,FALSE
"9",-1.04744108031301,0.299993540337039,TRUE,-1.04744108031301,0.299993540337039,TRUE,"vertical",5,"robust","cluster_block_order",0,0,FALSE
"1",-0.395401334625819,0.230568092222839,TRUE,-0.395401283384099,0.230568123481289,TRUE,"vertical",5,"robust","global_row_order",5.12417202003235e-08,3.125845046692e-08,FALSE
"10",1.73763832264668,0.029256583025255,TRUE,1.73763833744706,0.0292565730429719,TRUE,"vertical",5,"robust","global_row_order",1.4800386471947e-08,9.98228304530113e-09,FALSE
"2",1.09318003166233,0.112792069867127,TRUE,1.09318003166233,0.112792069867127,TRUE,"vertical",5,"robust","global_row_order",0,1.94289029309402e-16,FALSE
"3",0.11031602776389,0.193681446378595,TRUE,0.110316039617945,0.193681453178032,TRUE,"vertical",5,"robust","global_row_order",1.18540549737256e-08,6.7994369301605e-09,FALSE
"4",0.230608056643364,-0.00729030819460421,TRUE,0.230608056643364,-0.00729030819460428,TRUE,"vertical",5,"robust","global_row_order",2.77555756156289e-17,7.11236625150491e-17,FALSE
"5",0.710400958039896,-0.222108106265207,TRUE,0.710400958039911,-0.222108106265222,TRUE,"vertical",5,"robust","global_row_order",1.53210777398272e-14,1.40720768371239e-14,FALSE
"6",-0.877135323906834,0.212294029570882,TRUE,-0.877135323906834,0.212294029570883,TRUE,"vertical",5,"robust","global_row_order",0,5.55111512312578e-17,FALSE
"7",-0.386134034381523,-0.0582258630160016,TRUE,-0.386134034721417,-0.0582258628822528,TRUE,"vertical",5,"robust","global_row_order",3.39894334899782e-10,1.33748762065622e-10,FALSE
"8",-1.03781049635851,-0.248569638300055,TRUE,-1.0378105105352,-0.248569683614083,TRUE,"vertical",5,"robust","global_row_order",1.4176689377976e-08,4.53140281964082e-08,FALSE
"9",-1.04744108031301,0.299993540337039,TRUE,-1.047441100468,0.299993555297781,TRUE,"vertical",5,"robust","global_row_order",2.01549883449559e-08,1.49607423116649e-08,FALSE
"1",-0.381916040396479,0.208586227849446,TRUE,-0.381916040396479,0.208586227849446,TRUE,"vertical",5,"robustbase","exact_repeat",0,0,FALSE
"10",1.73116614338577,0.0341159146500498,TRUE,1.73116614338577,0.0341159146500498,TRUE,"vertical",5,"robustbase","exact_repeat",0,0,FALSE
"2",1.10217911366255,0.151631755737048,TRUE,1.10217911366255,0.151631755737048,TRUE,"vertical",5,"robustbase","exact_repeat",0,0,FALSE
"3",0.119289502978405,0.208180703188353,TRUE,0.119289502978405,0.208180703188353,TRUE,"vertical",5,"robustbase","exact_repeat",0,0,FALSE
"4",0.239686214328858,-0.000625764868688487,TRUE,0.239686214328858,-0.000625764868688487,TRUE,"vertical",5,"robustbase","exact_repeat",0,0,FALSE
"5",0.738663021189912,-0.238623001377757,TRUE,0.738663021189912,-0.238623001377757,TRUE,"vertical",5,"robustbase","exact_repeat",0,0,FALSE
"6",-0.868431403504948,0.162027473331618,TRUE,-0.868431403504948,0.162027473331618,TRUE,"vertical",5,"robustbase","exact_repeat",0,0,FALSE
"7",-0.397184740724102,-0.0826455834224308,TRUE,-0.397184740724102,-0.0826455834224308,TRUE,"vertical",5,"robustbase","exact_repeat",0,0,FALSE
"8",-1.08172984845296,-0.274364551321157,TRUE,-1.08172984845296,-0.274364551321157,TRUE,"vertical",5,"robustbase","exact_repeat",0,0,FALSE
"9",-1.02138017441669,0.290621261672634,TRUE,-1.02138017441669,0.290621261672634,TRUE,"vertical",5,"robustbase","exact_repeat",0,0,FALSE
"1",-0.381916040396479,0.208586227849446,TRUE,-0.381916040396479,0.208586227849446,TRUE,"vertical",5,"robustbase","within_cluster_row_order",5.55111512312578e-17,5.55111512312578e-17,FALSE
"10",1.73116614338577,0.0341159146500498,TRUE,1.73116614338599,0.0341159146498953,TRUE,"vertical",5,"robustbase","within_cluster_row_order",2.18491891246231e-13,1.5452222834611e-13,FALSE
"2",1.10217911366255,0.151631755737048,TRUE,1.10217911366255,0.151631755737048,TRUE,"vertical",5,"robustbase","within_cluster_row_order",0,2.77555756156289e-17,FALSE
"3",0.119289502978405,0.208180703188353,TRUE,0.119289502978405,0.208180703188353,TRUE,"vertical",5,"robustbase","within_cluster_row_order",2.77555756156289e-17,5.55111512312578e-17,FALSE
"4",0.239686214328858,-0.000625764868688487,TRUE,0.239686214328858,-0.000625764868688452,TRUE,"vertical",5,"robustbase","within_cluster_row_order",2.22044604925031e-16,3.50197301712818e-17,FALSE
"5",0.738663021189912,-0.238623001377757,TRUE,0.738663021189931,-0.238623001377716,TRUE,"vertical",5,"robustbase","within_cluster_row_order",1.87627691161651e-14,4.13280520916715e-14,FALSE
"6",-0.868431403504948,0.162027473331618,TRUE,-0.868431444522138,0.162027511681581,TRUE,"vertical",5,"robustbase","within_cluster_row_order",4.10171899778433e-08,3.83499627609751e-08,FALSE
"7",-0.397184740724102,-0.0826455834224308,TRUE,-0.397184740724102,-0.0826455834224308,TRUE,"vertical",5,"robustbase","within_cluster_row_order",2.77555756156289e-16,6.93889390390723e-17,FALSE
"8",-1.08172984845296,-0.274364551321157,TRUE,-1.08172985067272,-0.274364550441073,TRUE,"vertical",5,"robustbase","within_cluster_row_order",2.21976081959951e-09,8.800845607837e-10,FALSE
"9",-1.02138017441669,0.290621261672634,TRUE,-1.02138017441597,0.29062126167234,TRUE,"vertical",5,"robustbase","within_cluster_row_order",7.26085858104852e-13,2.9393154576951e-13,FALSE
"1",-0.381916040396479,0.208586227849446,TRUE,-0.381916040396479,0.208586227849446,TRUE,"vertical",5,"robustbase","cluster_block_order",0,0,FALSE
"10",1.73116614338577,0.0341159146500498,TRUE,1.73116614338545,0.0341159146500871,TRUE,"vertical",5,"robustbase","cluster_block_order",3.15081294388619e-13,3.72757380517896e-14,FALSE
"2",1.10217911366255,0.151631755737048,TRUE,1.10217912523736,0.151631767753812,TRUE,"vertical",5,"robustbase","cluster_block_order",1.15748135520732e-08,1.20167640837998e-08,FALSE
"3",0.119289502978405,0.208180703188353,TRUE,0.119289502993435,0.208180703175908,TRUE,"vertical",5,"robustbase","cluster_block_order",1.50300050183461e-11,1.24451282612625e-11,FALSE
"4",0.239686214328858,-0.000625764868688487,TRUE,0.239686214328858,-0.000625764868688487,TRUE,"vertical",5,"robustbase","cluster_block_order",0,0,FALSE
"5",0.738663021189912,-0.238623001377757,TRUE,0.738663021189911,-0.238623001377764,TRUE,"vertical",5,"robustbase","cluster_block_order",1.4432899320127e-15,6.52256026967279e-15,FALSE
"6",-0.868431403504948,0.162027473331618,TRUE,-0.868431399807691,0.162027469874783,TRUE,"vertical",5,"robustbase","cluster_block_order",3.69725683402322e-09,3.4568351237052e-09,FALSE
"7",-0.397184740724102,-0.0826455834224308,TRUE,-0.397184740721143,-0.0826455834180992,TRUE,"vertical",5,"robustbase","cluster_block_order",2.95874436062604e-12,4.33166003066532e-12,FALSE
"8",-1.08172984845296,-0.274364551321157,TRUE,-1.08172985359921,-0.274364549280787,TRUE,"vertical",5,"robustbase","cluster_block_order",5.14625075886954e-09,2.04037076123598e-09,FALSE
"9",-1.02138017441669,0.290621261672634,TRUE,-1.02138017441597,0.290621261672341,TRUE,"vertical",5,"robustbase","cluster_block_order",7.26085858104852e-13,2.93709501164585e-13,FALSE
"1",-0.381916040396479,0.208586227849446,TRUE,-0.381916040396479,0.208586227849446,TRUE,"vertical",5,"robustbase","global_row_order",0,1.38777878078145e-16,FALSE
"10",1.73116614338577,0.0341159146500498,TRUE,1.73116614338599,0.0341159146498955,TRUE,"vertical",5,"robustbase","global_row_order",2.16937579011756e-13,1.54321000422897e-13,FALSE
"2",1.10217911366255,0.151631755737048,TRUE,1.10217910498398,0.15163174672712,TRUE,"vertical",5,"robustbase","global_row_order",8.67856475572637e-09,9.00992835894954e-09,FALSE
"3",0.119289502978405,0.208180703188353,TRUE,0.119289502987197,0.208180703181073,TRUE,"vertical",5,"robustbase","global_row_order",8.79180062085538e-12,7.28039850628193e-12,FALSE
"4",0.239686214328858,-0.000625764868688487,TRUE,0.239686214328858,-0.00062576486868844,TRUE,"vertical",5,"robustbase","global_row_order",5.55111512312578e-17,4.65122731996281e-17,FALSE
"5",0.738663021189912,-0.238623001377757,TRUE,0.738663021189911,-0.238623001377763,TRUE,"vertical",5,"robustbase","global_row_order",1.66533453693773e-15,6.38378239159465e-15,FALSE
"6",-0.868431403504948,0.162027473331618,TRUE,-0.868431399807691,0.162027469874783,TRUE,"vertical",5,"robustbase","global_row_order",3.69725683402322e-09,3.4568351237052e-09,FALSE
"7",-0.397184740724102,-0.0826455834224308,TRUE,-0.397184740721143,-0.0826455834180992,TRUE,"vertical",5,"robustbase","global_row_order",2.95879987177727e-12,4.3316322750897e-12,FALSE
"8",-1.08172984845296,-0.274364551321157,TRUE,-1.0817298549122,-0.274364548760215,TRUE,"vertical",5,"robustbase","global_row_order",6.45924269626619e-09,2.56094195849599e-09,FALSE
"9",-1.02138017441669,0.290621261672634,TRUE,-1.02138017441682,0.290621261672688,TRUE,"vertical",5,"robustbase","global_row_order",1.31006316905768e-13,5.340172748447e-14,FALSE
"1",-0.49874307649983,0.0916674474141428,TRUE,-0.49874307649983,0.0916674474141428,TRUE,"bad_leverage",1,"robust","exact_repeat",0,0,FALSE
"10",-1.16175256188359,-0.0769769799451589,TRUE,-1.16175256188359,-0.0769769799451589,TRUE,"bad_leverage",1,"robust","exact_repeat",0,0,FALSE
"2",0.124917218961307,-0.00839769459485293,TRUE,0.124917218961307,-0.00839769459485293,TRUE,"bad_leverage",1,"robust","exact_repeat",0,0,FALSE
"3",2.96126027012199,-0.305384910616907,TRUE,2.96126027012199,-0.305384910616907,TRUE,"bad_leverage",1,"robust","exact_repeat",0,0,FALSE
"4",0.87930018427337,0.0513003524495207,TRUE,0.87930018427337,0.0513003524495207,TRUE,"bad_leverage",1,"robust","exact_repeat",0,0,FALSE
"5",0.17656577502691,0.0505969806360384,TRUE,0.17656577502691,0.0505969806360384,TRUE,"bad_leverage",1,"robust","exact_repeat",0,0,FALSE
"6",-3.28264672140653,-0.152947002292492,TRUE,-3.28264672140653,-0.152947002292492,TRUE,"bad_leverage",1,"robust","exact_repeat",0,0,FALSE
"7",-0.67967048227808,-0.170069232118839,TRUE,-0.67967048227808,-0.170069232118839,TRUE,"bad_leverage",1,"robust","exact_repeat",0,0,FALSE
"8",-2.94464609498874,-0.08988088346975,TRUE,-2.94464609498874,-0.08988088346975,TRUE,"bad_leverage",1,"robust","exact_repeat",0,0,FALSE
"9",0.416892666996728,-0.100003271030106,TRUE,0.416892666996728,-0.100003271030106,TRUE,"bad_leverage",1,"robust","exact_repeat",0,0,FALSE
"1",-0.49874307649983,0.0916674474141428,TRUE,-0.49874316250493,0.091667402982506,TRUE,"bad_leverage",1,"robust","within_cluster_row_order",8.60051002637974e-08,4.44316367864683e-08,FALSE
"10",-1.16175256188359,-0.0769769799451589,TRUE,-1.1617450610566,-0.0769758095822333,TRUE,"bad_leverage",1,"robust","within_cluster_row_order",7.50082699174648e-06,1.17036292554551e-06,FALSE
"2",0.124917218961307,-0.00839769459485293,TRUE,0.124917357098597,-0.00839787371030742,TRUE,"bad_leverage",1,"robust","within_cluster_row_order",1.38137289648621e-07,1.79115454496115e-07,FALSE
"3",2.96126027012199,-0.305384910616907,TRUE,2.96126027012199,-0.305384910616906,TRUE,"bad_leverage",1,"robust","within_cluster_row_order",0,1.11022302462516e-16,FALSE
"4",0.87930018427337,0.0513003524495207,TRUE,0.879300173089285,0.0513003511015889,TRUE,"bad_leverage",1,"robust","within_cluster_row_order",1.11840856575895e-08,1.34793180089909e-09,FALSE
"5",0.17656577502691,0.0505969806360384,TRUE,0.176565757846167,0.0505969981344408,TRUE,"bad_leverage",1,"robust","within_cluster_row_order",1.71807420790149e-08,1.74984024561842e-08,FALSE
"6",-3.28264672140653,-0.152947002292492,TRUE,-3.28264671713069,-0.152947004975003,TRUE,"bad_leverage",1,"robust","within_cluster_row_order",4.27584279094617e-09,2.68251110213669e-09,FALSE
"7",-0.67967048227808,-0.170069232118839,TRUE,-0.679670481554468,-0.170069234074413,TRUE,"bad_leverage",1,"robust","within_cluster_row_order",7.23612614272895e-10,1.95557448012806e-09,FALSE
"8",-2.94464609498874,-0.08988088346975,TRUE,-2.94464103817434,-0.0898940735989406,TRUE,"bad_leverage",1,"robust","within_cluster_row_order",5.05681440632344e-06,1.31901291905434e-05,FALSE
"9",0.416892666996728,-0.100003271030106,TRUE,0.416892466137341,-0.100003161141445,TRUE,"bad_leverage",1,"robust","within_cluster_row_order",2.00859387455843e-07,1.09888660629331e-07,FALSE
"1",-0.49874307649983,0.0916674474141428,TRUE,-0.49874307649983,0.0916674474141428,TRUE,"bad_leverage",1,"robust","cluster_block_order",0,0,FALSE
"10",-1.16175256188359,-0.0769769799451589,TRUE,-1.16175256188359,-0.0769769799451589,TRUE,"bad_leverage",1,"robust","cluster_block_order",0,0,FALSE
"2",0.124917218961307,-0.00839769459485293,TRUE,0.124917218961307,-0.00839769459485293,TRUE,"bad_leverage",1,"robust","cluster_block_order",0,0,FALSE
"3",2.96126027012199,-0.305384910616907,TRUE,2.96126027012199,-0.305384910616907,TRUE,"bad_leverage",1,"robust","cluster_block_order",0,0,FALSE
"4",0.87930018427337,0.0513003524495207,TRUE,0.87930018427337,0.0513003524495207,TRUE,"bad_leverage",1,"robust","cluster_block_order",0,0,FALSE
"5",0.17656577502691,0.0505969806360384,TRUE,0.17656577502691,0.0505969806360384,TRUE,"bad_leverage",1,"robust","cluster_block_order",0,0,FALSE
"6",-3.28264672140653,-0.152947002292492,TRUE,-3.28264672140653,-0.152947002292492,TRUE,"bad_leverage",1,"robust","cluster_block_order",0,0,FALSE
"7",-0.67967048227808,-0.170069232118839,TRUE,-0.67967048227808,-0.170069232118839,TRUE,"bad_leverage",1,"robust","cluster_block_order",0,0,FALSE
"8",-2.94464609498874,-0.08988088346975,TRUE,-2.94464609498874,-0.08988088346975,TRUE,"bad_leverage",1,"robust","cluster_block_order",0,0,FALSE
"9",0.416892666996728,-0.100003271030106,TRUE,0.416892666996728,-0.100003271030106,TRUE,"bad_leverage",1,"robust","cluster_block_order",0,0,FALSE
"1",-0.49874307649983,0.0916674474141428,TRUE,-0.498743157835254,0.091667405394939,TRUE,"bad_leverage",1,"robust","global_row_order",8.13354233963892e-08,4.20192037831058e-08,FALSE
"10",-1.16175256188359,-0.0769769799451589,TRUE,-1.16174539699008,-0.0769758619983327,TRUE,"bad_leverage",1,"robust","global_row_order",7.16489351004768e-06,1.11794682614019e-06,FALSE
"2",0.124917218961307,-0.00839769459485293,TRUE,0.124917218876936,-0.00839769448545178,TRUE,"bad_leverage",1,"robust","global_row_order",8.43716346787815e-11,1.09401142658894e-10,FALSE
"3",2.96126027012199,-0.305384910616907,TRUE,2.96126027012199,-0.305384910616907,TRUE,"bad_leverage",1,"robust","global_row_order",0,5.55111512312578e-17,FALSE
"4",0.87930018427337,0.0513003524495207,TRUE,0.879300173000368,0.0513003510908724,TRUE,"bad_leverage",1,"robust","global_row_order",1.12730026424757e-08,1.35864831191101e-09,FALSE
"5",0.17656577502691,0.0505969806360384,TRUE,0.176565775309155,0.0505969803485561,TRUE,"bad_leverage",1,"robust","global_row_order",2.82245782301516e-10,2.87482260219463e-10,FALSE
"6",-3.28264672140653,-0.152947002292492,TRUE,-3.2826467213559,-0.152947002324256,TRUE,"bad_leverage",1,"robust","global_row_order",5.06310549042155e-11,3.17642301350674e-11,FALSE
"7",-0.67967048227808,-0.170069232118839,TRUE,-0.679670482905851,-0.170069230422286,TRUE,"bad_leverage",1,"robust","global_row_order",6.27770502248381e-10,1.69655270387814e-09,FALSE
"8",-2.94464609498874,-0.08988088346975,TRUE,-2.9446411006118,-0.0898939112716492,TRUE,"bad_leverage",1,"robust","global_row_order",4.99437694712057e-06,1.30278018991153e-05,FALSE
"9",0.416892666996728,-0.100003271030106,TRUE,0.416892547760508,-0.100003205796866,TRUE,"bad_leverage",1,"robust","global_row_order",1.19236220341712e-07,6.52332396017252e-08,FALSE
"1",-0.526062430397353,0.077507760572757,TRUE,-0.526062430397353,0.077507760572757,TRUE,"bad_leverage",1,"robustbase","exact_repeat",0,0,FALSE
"10",-1.19743974242087,-0.0995005657915803,TRUE,-1.19743974242087,-0.0995005657915803,TRUE,"bad_leverage",1,"robustbase","exact_repeat",0,0,FALSE
"2",0.173457458419812,0.260338036937297,TRUE,0.173457458419812,0.260338036937297,TRUE,"bad_leverage",1,"robustbase","exact_repeat",0,0,FALSE
"3",2.96433365413969,-0.306337739569845,TRUE,2.96433365413969,-0.306337739569845,TRUE,"bad_leverage",1,"robustbase","exact_repeat",0,0,FALSE
"4",0.803619673016692,0.0248985453881962,TRUE,0.803619673016692,0.0248985453881962,TRUE,"bad_leverage",1,"robustbase","exact_repeat",0,0,FALSE
"5",0.168195987000201,0.0729141954766787,TRUE,0.168195987000201,0.0729141954766787,TRUE,"bad_leverage",1,"robustbase","exact_repeat",0,0,FALSE
"6",-3.31378627244291,-0.121318574749309,TRUE,-3.31378627244291,-0.121318574749309,TRUE,"bad_leverage",1,"robustbase","exact_repeat",0,0,FALSE
"7",-0.72329414667047,-0.186628074611646,TRUE,-0.72329414667047,-0.186628074611646,TRUE,"bad_leverage",1,"robustbase","exact_repeat",0,0,FALSE
"8",-2.92381879128254,-0.0693570025050522,TRUE,-2.92381879128254,-0.0693570025050522,TRUE,"bad_leverage",1,"robustbase","exact_repeat",0,0,FALSE
"9",0.485864969123832,-0.123736436193049,TRUE,0.485864969123832,-0.123736436193049,TRUE,"bad_leverage",1,"robustbase","exact_repeat",0,0,FALSE
"1",-0.526062430397353,0.077507760572757,TRUE,-0.526062424638241,0.0775077618776251,TRUE,"bad_leverage",1,"robustbase","within_cluster_row_order",5.75911207612023e-09,1.30486808858077e-09,FALSE
"10",-1.19743974242087,-0.0995005657915803,TRUE,-1.19743974242087,-0.0995005657915803,TRUE,"bad_leverage",1,"robustbase","within_cluster_row_order",6.66133814775094e-16,2.77555756156289e-17,FALSE
"2",0.173457458419812,0.260338036937297,TRUE,0.173457458419812,0.260338036937297,TRUE,"bad_leverage",1,"robustbase","within_cluster_row_order",3.05311331771918e-16,4.44089209850063e-16,FALSE
"3",2.96433365413969,-0.306337739569845,TRUE,2.96433365413969,-0.306337739569844,TRUE,"bad_leverage",1,"robustbase","within_cluster_row_order",1.77635683940025e-15,1.66533453693773e-16,FALSE
"4",0.803619673016692,0.0248985453881962,TRUE,0.803619673016693,0.0248985453881963,TRUE,"bad_leverage",1,"robustbase","within_cluster_row_order",6.66133814775094e-16,3.12250225675825e-17,FALSE
"5",0.168195987000201,0.0729141954766787,TRUE,0.168195987000201,0.0729141954766788,TRUE,"bad_leverage",1,"robustbase","within_cluster_row_order",2.77555756156289e-17,5.55111512312578e-17,FALSE
"6",-3.31378627244291,-0.121318574749309,TRUE,-3.31378627246887,-0.121318574595887,TRUE,"bad_leverage",1,"robustbase","within_cluster_row_order",2.5960567029415e-11,1.5342171977295e-10,FALSE
"7",-0.72329414667047,-0.186628074611646,TRUE,-0.72329414667047,-0.186628074611646,TRUE,"bad_leverage",1,"robustbase","within_cluster_row_order",2.22044604925031e-16,8.32667268468867e-17,FALSE
"8",-2.92381879128254,-0.0693570025050522,TRUE,-2.92381879128253,-0.0693570025050522,TRUE,"bad_leverage",1,"robustbase","within_cluster_row_order",4.44089209850063e-16,2.77555756156289e-17,FALSE
"9",0.485864969123832,-0.123736436193049,TRUE,0.485864934880881,-0.123736421604276,TRUE,"bad_leverage",1,"robustbase","within_cluster_row_order",3.42429505306718e-08,1.45887732450056e-08,FALSE
"1",-0.526062430397353,0.077507760572757,TRUE,-0.526062443047173,0.077507757706631,TRUE,"bad_leverage",1,"robustbase","cluster_block_order",1.2649820191335e-08,2.86612607258707e-09,FALSE
"10",-1.19743974242087,-0.0995005657915803,TRUE,-1.19743974242087,-0.0995005657915803,TRUE,"bad_leverage",1,"robustbase","cluster_block_order",0,0,FALSE
"2",0.173457458419812,0.260338036937297,TRUE,0.173456902657817,0.260338572460234,TRUE,"bad_leverage",1,"robustbase","cluster_block_order",5.55761994397441e-07,5.35522937328281e-07,FALSE
"3",2.96433365413969,-0.306337739569845,TRUE,2.96433365413967,-0.30633773956984,TRUE,"bad_leverage",1,"robustbase","cluster_block_order",2.57571741713036e-14,4.10782519111308e-15,FALSE
"4",0.803619673016692,0.0248985453881962,TRUE,0.80361967301666,0.0248985453883134,TRUE,"bad_leverage",1,"robustbase","cluster_block_order",3.21964677141295e-14,1.17215265271753e-13,FALSE
"5",0.168195987000201,0.0729141954766787,TRUE,0.168195987000201,0.0729141954766787,TRUE,"bad_leverage",1,"robustbase","cluster_block_order",0,0,FALSE
"6",-3.31378627244291,-0.121318574749309,TRUE,-3.31378627486561,-0.121318560431395,TRUE,"bad_leverage",1,"robustbase","cluster_block_order",2.42269981853838e-09,1.43179141043337e-08,FALSE
"7",-0.72329414667047,-0.186628074611646,TRUE,-0.72329414667047,-0.186628074611646,TRUE,"bad_leverage",1,"robustbase","cluster_block_order",0,0,FALSE
"8",-2.92381879128254,-0.0693570025050522,TRUE,-2.92381880434022,-0.0693570267588531,TRUE,"bad_leverage",1,"robustbase","cluster_block_order",1.30576829349138e-08,2.42538008704551e-08,FALSE
"9",0.485864969123832,-0.123736436193049,TRUE,0.485864934880881,-0.123736421604276,TRUE,"bad_leverage",1,"robustbase","cluster_block_order",3.42429506416941e-08,1.45887732033723e-08,FALSE
"1",-0.526062430397353,0.077507760572757,TRUE,-0.526062424289699,0.0775077619565956,TRUE,"bad_leverage",1,"robustbase","global_row_order",6.10765349406961e-09,1.38383858538926e-09,FALSE
"10",-1.19743974242087,-0.0995005657915803,TRUE,-1.19743974242491,-0.0995005657898837,TRUE,"bad_leverage",1,"robustbase","global_row_order",4.03610478372229e-12,1.69654568171751e-12,FALSE
"2",0.173457458419812,0.260338036937297,TRUE,0.173456902657817,0.260338572460234,TRUE,"bad_leverage",1,"robustbase","global_row_order",5.55761994452952e-07,5.35522937328281e-07,FALSE
"3",2.96433365413969,-0.306337739569845,TRUE,2.96433365413966,-0.30633773956984,TRUE,"bad_leverage",1,"robustbase","global_row_order",2.8421709430404e-14,4.16333634234434e-15,FALSE
"4",0.803619673016692,0.0248985453881962,TRUE,0.80361967301666,0.0248985453883134,TRUE,"bad_leverage",1,"robustbase","global_row_order",3.19744231092045e-14,1.17222204165657e-13,FALSE
"5",0.168195987000201,0.0729141954766787,TRUE,0.168195987410298,0.0729141941043322,TRUE,"bad_leverage",1,"robustbase","global_row_order",4.10097594771841e-10,1.37234648645013e-09,FALSE
"6",-3.31378627244291,-0.121318574749309,TRUE,-3.31378627244291,-0.121318574749309,TRUE,"bad_leverage",1,"robustbase","global_row_order",2.22044604925031e-15,6.10622663543836e-16,FALSE
"7",-0.72329414667047,-0.186628074611646,TRUE,-0.723294143799348,-0.186628073188089,TRUE,"bad_leverage",1,"robustbase","global_row_order",2.87112222885355e-09,1.4235574108401e-09,FALSE
"8",-2.92381879128254,-0.0693570025050522,TRUE,-2.92381879875417,-0.0693570163831642,TRUE,"bad_leverage",1,"robustbase","global_row_order",7.47162998138151e-09,1.38781119929376e-08,FALSE
"9",0.485864969123832,-0.123736436193049,TRUE,0.485864934880882,-0.123736421604276,TRUE,"bad_leverage",1,"robustbase","global_row_order",3.42429501420938e-08,1.45887732033723e-08,FALSE
"1",2.16003585820819,-0.116047580616748,TRUE,2.16003585820819,-0.116047580616748,TRUE,"bad_leverage",2,"robust","exact_repeat",0,0,FALSE
"10",0.606809686096278,0.0864648716693032,TRUE,0.606809686096278,0.0864648716693032,TRUE,"bad_leverage",2,"robust","exact_repeat",0,0,FALSE
"2",0.780325513005359,-0.026661129899047,TRUE,0.780325513005359,-0.026661129899047,TRUE,"bad_leverage",2,"robust","exact_repeat",0,0,FALSE
"3",-1.00462603937221,-0.0259523157679164,TRUE,-1.00462603937221,-0.0259523157679164,TRUE,"bad_leverage",2,"robust","exact_repeat",0,0,FALSE
"4",0.712724995602115,-0.025431346372118,TRUE,0.712724995602115,-0.025431346372118,TRUE,"bad_leverage",2,"robust","exact_repeat",0,0,FALSE
"5",0.743342879943866,-0.0665383121350993,TRUE,0.743342879943866,-0.0665383121350993,TRUE,"bad_leverage",2,"robust","exact_repeat",0,0,FALSE
"6",1.55960601194298,-0.0495059937146996,TRUE,1.55960601194298,-0.0495059937146996,TRUE,"bad_leverage",2,"robust","exact_repeat",0,0,FALSE
"7",0.958370692495706,-0.237437123424861,TRUE,0.958370692495706,-0.237437123424861,TRUE,"bad_leverage",2,"robust","exact_repeat",0,0,FALSE
"8",0.568228202062217,-0.0693835818868705,TRUE,0.568228202062217,-0.0693835818868705,TRUE,"bad_leverage",2,"robust","exact_repeat",0,0,FALSE
"9",-0.441258104891,0.0497836729948744,TRUE,-0.441258104891,0.0497836729948744,TRUE,"bad_leverage",2,"robust","exact_repeat",0,0,FALSE
"1",2.16003585820819,-0.116047580616748,TRUE,2.1600344639066,-0.116047057112689,TRUE,"bad_leverage",2,"robust","within_cluster_row_order",1.39430159507015e-06,5.23504058630442e-07,FALSE
"10",0.606809686096278,0.0864648716693032,TRUE,0.606809669103272,0.0864648548361116,TRUE,"bad_leverage",2,"robust","within_cluster_row_order",1.69930056692635e-08,1.68331915906261e-08,FALSE
"2",0.780325513005359,-0.026661129899047,TRUE,0.780325439343755,-0.0266611227168353,TRUE,"bad_leverage",2,"robust","within_cluster_row_order",7.36616041496774e-08,7.18221163445443e-09,FALSE
"3",-1.00462603937221,-0.0259523157679164,TRUE,-1.00462584329919,-0.0259499524607238,TRUE,"bad_leverage",2,"robust","within_cluster_row_order",1.96073019154142e-07,2.36330719251276e-06,FALSE
"4",0.712724995602115,-0.025431346372118,TRUE,0.712725058706201,-0.0254313184748686,TRUE,"bad_leverage",2,"robust","within_cluster_row_order",6.3104086067689e-08,2.78972493786278e-08,FALSE
"5",0.743342879943866,-0.0665383121350993,TRUE,0.743342870710457,-0.0665383161384987,TRUE,"bad_leverage",2,"robust","within_cluster_row_order",9.23340892633462e-09,4.00339940365146e-09,FALSE
"6",1.55960601194298,-0.0495059937146996,TRUE,1.55960602654867,-0.0495060009496145,TRUE,"bad_leverage",2,"robust","within_cluster_row_order",1.46056944316797e-08,7.23491484083683e-09,FALSE
"7",0.958370692495706,-0.237437123424861,TRUE,0.958370672522256,-0.237437108564095,TRUE,"bad_leverage",2,"robust","within_cluster_row_order",1.99734502270843e-08,1.48607668115641e-08,FALSE
"8",0.568228202062217,-0.0693835818868705,TRUE,0.568228600588668,-0.0693835522168975,TRUE,"bad_leverage",2,"robust","within_cluster_row_order",3.9852645172811e-07,2.966997307563e-08,FALSE
"9",-0.441258104891,0.0497836729948744,TRUE,-0.441257675273745,0.0497834049089333,TRUE,"bad_leverage",2,"robust","within_cluster_row_order",4.29617255104375e-07,2.68085941119989e-07,FALSE
"1",2.16003585820819,-0.116047580616748,TRUE,2.16003585820819,-0.116047580616748,TRUE,"bad_leverage",2,"robust","cluster_block_order",0,0,FALSE
"10",0.606809686096278,0.0864648716693032,TRUE,0.606809686096278,0.0864648716693032,TRUE,"bad_leverage",2,"robust","cluster_block_order",0,0,FALSE
"2",0.780325513005359,-0.026661129899047,TRUE,0.780325513005359,-0.026661129899047,TRUE,"bad_leverage",2,"robust","cluster_block_order",0,0,FALSE
"3",-1.00462603937221,-0.0259523157679164,TRUE,-1.00462603937221,-0.0259523157679164,TRUE,"bad_leverage",2,"robust","cluster_block_order",0,0,FALSE
"4",0.712724995602115,-0.025431346372118,TRUE,0.712724995602115,-0.025431346372118,TRUE,"bad_leverage",2,"robust","cluster_block_order",0,0,FALSE
"5",0.743342879943866,-0.0665383121350993,TRUE,0.743342879943866,-0.0665383121350993,TRUE,"bad_leverage",2,"robust","cluster_block_order",0,0,FALSE
"6",1.55960601194298,-0.0495059937146996,TRUE,1.55960601194298,-0.0495059937146996,TRUE,"bad_leverage",2,"robust","cluster_block_order",0,0,FALSE
"7",0.958370692495706,-0.237437123424861,TRUE,0.958370692495706,-0.237437123424861,TRUE,"bad_leverage",2,"robust","cluster_block_order",0,0,FALSE
"8",0.568228202062217,-0.0693835818868705,TRUE,0.568228202062217,-0.0693835818868705,TRUE,"bad_leverage",2,"robust","cluster_block_order",0,0,FALSE
"9",-0.441258104891,0.0497836729948744,TRUE,-0.441258104891,0.0497836729948744,TRUE,"bad_leverage",2,"robust","cluster_block_order",0,0,FALSE
"1",2.16003585820819,-0.116047580616748,TRUE,2.1600344404702,-0.116047048313183,TRUE,"bad_leverage",2,"robust","global_row_order",1.41773799766653e-06,5.32303564393377e-07,FALSE
"10",0.606809686096278,0.0864648716693032,TRUE,0.606809679533682,0.0864648651684401,TRUE,"bad_leverage",2,"robust","global_row_order",6.5625958001192e-09,6.50086309783582e-09,FALSE
"2",0.780325513005359,-0.026661129899047,TRUE,0.780325454883284,-0.0266611242319861,TRUE,"bad_leverage",2,"robust","global_row_order",5.81220754858336e-08,5.66706082408275e-09,FALSE
"3",-1.00462603937221,-0.0259523157679164,TRUE,-1.00462591338607,-0.0259507972126763,TRUE,"bad_leverage",2,"robust","global_row_order",1.25986140853129e-07,1.51855524000571e-06,FALSE
"4",0.712724995602115,-0.025431346372118,TRUE,0.712724940067547,-0.0254313709230088,TRUE,"bad_leverage",2,"robust","global_row_order",5.55345670560925e-08,2.45508908029712e-08,FALSE
"5",0.743342879943866,-0.0665383121350993,TRUE,0.74334289557765,-0.0665383053566441,TRUE,"bad_leverage",2,"robust","global_row_order",1.56337844892107e-08,6.77845515828501e-09,FALSE
"6",1.55960601194298,-0.0495059937146996,TRUE,1.55960599303424,-0.0495059843482742,TRUE,"bad_leverage",2,"robust","global_row_order",1.89087385749076e-08,9.36642548937661e-09,FALSE
"7",0.958370692495706,-0.237437123424861,TRUE,0.958370632752015,-0.237437078973728,TRUE,"bad_leverage",2,"robust","global_row_order",5.97436913274407e-08,4.44511336350484e-08,FALSE
"8",0.568228202062217,-0.0693835818868705,TRUE,0.568228412303103,-0.0693835662346369,TRUE,"bad_leverage",2,"robust","global_row_order",2.10240885922808e-07,1.56522336064446e-08,FALSE
"9",-0.441258104891,0.0497836729948744,TRUE,-0.441258097880974,0.0497836686205185,TRUE,"bad_leverage",2,"robust","global_row_order",7.01002600411726e-09,4.37435596079006e-09,FALSE
"1",2.15994278854453,-0.104994661669701,TRUE,2.15994278854453,-0.104994661669701,TRUE,"bad_leverage",2,"robustbase","exact_repeat",0,0,FALSE
"10",0.647051720604173,0.0932334887723986,TRUE,0.647051720604173,0.0932334887723986,TRUE,"bad_leverage",2,"robustbase","exact_repeat",0,0,FALSE
"2",0.945373769245545,-0.0129704120059926,TRUE,0.945373769245545,-0.0129704120059926,TRUE,"bad_leverage",2,"robustbase","exact_repeat",0,0,FALSE
"3",-0.975860997773846,-0.0384818767762125,TRUE,-0.975860997773846,-0.0384818767762125,TRUE,"bad_leverage",2,"robustbase","exact_repeat",0,0,FALSE
"4",0.694181089013191,-0.0307180296840459,TRUE,0.694181089013191,-0.0307180296840459,TRUE,"bad_leverage",2,"robustbase","exact_repeat",0,0,FALSE
"5",0.757103893568967,-0.070367431151295,TRUE,0.757103893568967,-0.070367431151295,TRUE,"bad_leverage",2,"robustbase","exact_repeat",0,0,FALSE
"6",1.56530924683703,-0.0101230997359146,TRUE,1.56530924683703,-0.0101230997359146,TRUE,"bad_leverage",2,"robustbase","exact_repeat",0,0,FALSE
"7",1.01327167411989,-0.25613109096924,TRUE,1.01327167411989,-0.25613109096924,TRUE,"bad_leverage",2,"robustbase","exact_repeat",0,0,FALSE
"8",0.569918116348872,-0.0817757873508649,TRUE,0.569918116348872,-0.0817757873508649,TRUE,"bad_leverage",2,"robustbase","exact_repeat",0,0,FALSE
"9",-0.421155474915339,0.0597224066528878,TRUE,-0.421155474915339,0.0597224066528878,TRUE,"bad_leverage",2,"robustbase","exact_repeat",0,0,FALSE
"1",2.15994278854453,-0.104994661669701,TRUE,2.15994278854453,-0.104994661669701,TRUE,"bad_leverage",2,"robustbase","within_cluster_row_order",8.88178419700125e-16,5.55111512312578e-17,FALSE
"10",0.647051720604173,0.0932334887723986,TRUE,0.647051720604173,0.0932334887723986,TRUE,"bad_leverage",2,"robustbase","within_cluster_row_order",1.11022302462516e-16,1.38777878078145e-17,FALSE
"2",0.945373769245545,-0.0129704120059926,TRUE,0.945373765558686,-0.0129704144960081,TRUE,"bad_leverage",2,"robustbase","within_cluster_row_order",3.68685848517458e-09,2.49001558261241e-09,FALSE
"3",-0.975860997773846,-0.0384818767762125,TRUE,-0.975861000278133,-0.0384818876450022,TRUE,"bad_leverage",2,"robustbase","within_cluster_row_order",2.50428622283749e-09,1.08687896599458e-08,FALSE
"4",0.694181089013191,-0.0307180296840459,TRUE,0.694181089026131,-0.0307180296798143,TRUE,"bad_leverage",2,"robustbase","within_cluster_row_order",1.29397603743087e-11,4.23161852780574e-12,FALSE
"5",0.757103893568967,-0.070367431151295,TRUE,0.757103893568936,-0.0703674311513163,TRUE,"bad_leverage",2,"robustbase","within_cluster_row_order",3.09752223870419e-14,2.12746487093796e-14,FALSE
"6",1.56530924683703,-0.0101230997359146,TRUE,1.56530924682489,-0.0101230997144866,TRUE,"bad_leverage",2,"robustbase","within_cluster_row_order",1.21385124174367e-11,2.14279774479742e-11,FALSE
"7",1.01327167411989,-0.25613109096924,TRUE,1.01327166306119,-0.256131088492417,TRUE,"bad_leverage",2,"robustbase","within_cluster_row_order",1.1058706839151e-08,2.47682335752231e-09,FALSE
"8",0.569918116348872,-0.0817757873508649,TRUE,0.569918116339595,-0.0817757874380672,TRUE,"bad_leverage",2,"robustbase","within_cluster_row_order",9.2764684822555e-12,8.7202314813517e-11,FALSE
"9",-0.421155474915339,0.0597224066528878,TRUE,-0.421155477154027,0.0597224160749009,TRUE,"bad_leverage",2,"robustbase","within_cluster_row_order",2.23868790172332e-09,9.42201307252422e-09,FALSE
"1",2.15994278854453,-0.104994661669701,TRUE,2.15994278854453,-0.104994661669701,TRUE,"bad_leverage",2,"robustbase","cluster_block_order",0,0,FALSE
"10",0.647051720604173,0.0932334887723986,TRUE,0.647051721662111,0.0932334891686053,TRUE,"bad_leverage",2,"robustbase","cluster_block_order",1.05793795945885e-09,3.96206650821185e-10,FALSE
"2",0.945373769245545,-0.0129704120059926,TRUE,0.945373769245545,-0.0129704120059926,TRUE,"bad_leverage",2,"robustbase","cluster_block_order",0,0,FALSE
"3",-0.975860997773846,-0.0384818767762125,TRUE,-0.975860997773846,-0.0384818767762125,TRUE,"bad_leverage",2,"robustbase","cluster_block_order",0,0,FALSE
"4",0.694181089013191,-0.0307180296840459,TRUE,0.694181089013407,-0.0307180296839719,TRUE,"bad_leverage",2,"robustbase","cluster_block_order",2.16049400592055e-13,7.40137118260265e-14,FALSE
"5",0.757103893568967,-0.070367431151295,TRUE,0.757103893568967,-0.0703674311512949,TRUE,"bad_leverage",2,"robustbase","cluster_block_order",7.7715611723761e-16,9.71445146547012e-17,FALSE
"6",1.56530924683703,-0.0101230997359146,TRUE,1.56530924690195,-0.0101230998509161,TRUE,"bad_leverage",2,"robustbase","cluster_block_order",6.49196252311413e-11,1.15001461478692e-10,FALSE
"7",1.01327167411989,-0.25613109096924,TRUE,1.01327167411989,-0.25613109096924,TRUE,"bad_leverage",2,"robustbase","cluster_block_order",0,0,FALSE
"8",0.569918116348872,-0.0817757873508649,TRUE,0.569918116348872,-0.0817757873508649,TRUE,"bad_leverage",2,"robustbase","cluster_block_order",0,0,FALSE
"9",-0.421155474915339,0.0597224066528878,TRUE,-0.421155477154027,0.0597224160749009,TRUE,"bad_leverage",2,"robustbase","cluster_block_order",2.23868795723448e-09,9.42201305864643e-09,FALSE
"1",2.15994278854453,-0.104994661669701,TRUE,2.15994278854453,-0.104994661669701,TRUE,"bad_leverage",2,"robustbase","global_row_order",1.33226762955019e-15,9.71445146547012e-17,FALSE
"10",0.647051720604173,0.0932334887723986,TRUE,0.647051720604173,0.0932334887723986,TRUE,"bad_leverage",2,"robustbase","global_row_order",5.55111512312578e-16,2.77555756156289e-17,FALSE
"2",0.945373769245545,-0.0129704120059926,TRUE,0.945373765558686,-0.0129704144960081,TRUE,"bad_leverage",2,"robustbase","global_row_order",3.68685870721919e-09,2.49001555659156e-09,FALSE
"3",-0.975860997773846,-0.0384818767762125,TRUE,-0.975860996227297,-0.0384818700640289,TRUE,"bad_leverage",2,"robustbase","global_row_order",1.54654955508704e-09,6.71218367692683e-09,FALSE
"4",0.694181089013191,-0.0307180296840459,TRUE,0.694181089013192,-0.030718029684046,TRUE,"bad_leverage",2,"robustbase","global_row_order",2.22044604925031e-16,4.16333634234434e-17,FALSE
"5",0.757103893568967,-0.070367431151295,TRUE,0.757103893568935,-0.0703674311513163,TRUE,"bad_leverage",2,"robustbase","global_row_order",3.11972669919669e-14,2.13301598606108e-14,FALSE
"6",1.56530924683703,-0.0101230997359146,TRUE,1.56530924682489,-0.0101230997144864,TRUE,"bad_leverage",2,"robustbase","global_row_order",1.21391785512515e-11,2.14281838800678e-11,FALSE
"7",1.01327167411989,-0.25613109096924,TRUE,1.01327166306119,-0.256131088492417,TRUE,"bad_leverage",2,"robustbase","global_row_order",1.10587063950618e-08,2.47682330201116e-09,FALSE
"8",0.569918116348872,-0.0817757873508649,TRUE,0.569918116339595,-0.0817757874380672,TRUE,"bad_leverage",2,"robustbase","global_row_order",9.27669052686042e-12,8.7202314813517e-11,FALSE
"9",-0.421155474915339,0.0597224066528878,TRUE,-0.421155475601721,0.0597224095416753,TRUE,"bad_leverage",2,"robustbase","global_row_order",6.86382561898569e-10,2.88878752169319e-09,FALSE
"1",-0.280875288237863,0.0274713989827865,TRUE,-0.280875288237863,0.0274713989827865,TRUE,"bad_leverage",3,"robust","exact_repeat",0,0,FALSE
"10",1.09246374426843,0.0799899380194017,TRUE,1.09246374426843,0.0799899380194017,TRUE,"bad_leverage",3,"robust","exact_repeat",0,0,FALSE
"2",-0.217994041010365,-0.244741454647882,TRUE,-0.217994041010365,-0.244741454647882,TRUE,"bad_leverage",3,"robust","exact_repeat",0,0,FALSE
"3",0.936336811880997,-0.163888567446359,TRUE,0.936336811880997,-0.163888567446359,TRUE,"bad_leverage",3,"robust","exact_repeat",0,0,FALSE
"4",-0.225429510223039,-0.170963457961712,TRUE,-0.225429510223039,-0.170963457961712,TRUE,"bad_leverage",3,"robust","exact_repeat",0,0,FALSE
"5",0.923567168439456,-0.098746290146781,TRUE,0.923567168439456,-0.098746290146781,TRUE,"bad_leverage",3,"robust","exact_repeat",0,0,FALSE
"6",-0.178897759691425,-0.113529315442155,TRUE,-0.178897759691425,-0.113529315442155,TRUE,"bad_leverage",3,"robust","exact_repeat",0,0,FALSE
"7",-0.785468722935309,-0.0243545340907215,TRUE,-0.785468722935309,-0.0243545340907215,TRUE,"bad_leverage",3,"robust","exact_repeat",0,0,FALSE
"8",0.703651838402752,-0.0543772491119082,TRUE,0.703651838402752,-0.0543772491119082,TRUE,"bad_leverage",3,"robust","exact_repeat",0,0,FALSE
"9",0.547301614473798,-0.0136685573698455,TRUE,0.547301614473798,-0.0136685573698455,TRUE,"bad_leverage",3,"robust","exact_repeat",0,0,FALSE
"1",-0.280875288237863,0.0274713989827865,TRUE,-0.280873599832981,0.0274711077628799,TRUE,"bad_leverage",3,"robust","within_cluster_row_order",1.68840488229405e-06,2.9121990660283e-07,FALSE
"10",1.09246374426843,0.0799899380194017,TRUE,1.09246377967399,0.0799899092521747,TRUE,"bad_leverage",3,"robust","within_cluster_row_order",3.54055600393366e-08,2.87672270171679e-08,FALSE
"2",-0.217994041010365,-0.244741454647882,TRUE,-0.217994333767384,-0.244741373021405,TRUE,"bad_leverage",3,"robust","within_cluster_row_order",2.92757019043632e-07,8.16264770497899e-08,FALSE
"3",0.936336811880997,-0.163888567446359,TRUE,0.936336811880997,-0.16388856744636,TRUE,"bad_leverage",3,"robust","within_cluster_row_order",0,1.11022302462516e-16,FALSE
"4",-0.225429510223039,-0.170963457961712,TRUE,-0.225429478135358,-0.170963479773047,TRUE,"bad_leverage",3,"robust","within_cluster_row_order",3.20876805126602e-08,2.18113350158866e-08,FALSE
"5",0.923567168439456,-0.098746290146781,TRUE,0.923567175497379,-0.0987462869074767,TRUE,"bad_leverage",3,"robust","within_cluster_row_order",7.05792269073413e-09,3.23930436640918e-09,FALSE
"6",-0.178897759691425,-0.113529315442155,TRUE,-0.178897734892394,-0.113529322131147,TRUE,"bad_leverage",3,"robust","within_cluster_row_order",2.47990311619262e-08,6.68899179101512e-09,FALSE
"7",-0.785468722935309,-0.0243545340907215,TRUE,-0.785468136198443,-0.0243545095173692,TRUE,"bad_leverage",3,"robust","within_cluster_row_order",5.86736865981763e-07,2.45733523772385e-08,FALSE
"8",0.703651838402752,-0.0543772491119082,TRUE,0.703651718171685,-0.0543772564061009,TRUE,"bad_leverage",3,"robust","within_cluster_row_order",1.20231067435306e-07,7.29419265266262e-09,FALSE
"9",0.547301614473798,-0.0136685573698455,TRUE,0.547301614646775,-0.0136685572482373,TRUE,"bad_leverage",3,"robust","within_cluster_row_order",1.72977410173303e-10,1.21608147163332e-10,FALSE
"1",-0.280875288237863,0.0274713989827865,TRUE,-0.280875288237863,0.0274713989827865,TRUE,"bad_leverage",3,"robust","cluster_block_order",0,0,FALSE
"10",1.09246374426843,0.0799899380194017,TRUE,1.09246374426843,0.0799899380194017,TRUE,"bad_leverage",3,"robust","cluster_block_order",0,0,FALSE
"2",-0.217994041010365,-0.244741454647882,TRUE,-0.217994041010365,-0.244741454647882,TRUE,"bad_leverage",3,"robust","cluster_block_order",0,0,FALSE
"3",0.936336811880997,-0.163888567446359,TRUE,0.936336811880997,-0.163888567446359,TRUE,"bad_leverage",3,"robust","cluster_block_order",0,0,FALSE
"4",-0.225429510223039,-0.170963457961712,TRUE,-0.225429510223039,-0.170963457961712,TRUE,"bad_leverage",3,"robust","cluster_block_order",0,0,FALSE
"5",0.923567168439456,-0.098746290146781,TRUE,0.923567168439456,-0.098746290146781,TRUE,"bad_leverage",3,"robust","cluster_block_order",0,0,FALSE
"6",-0.178897759691425,-0.113529315442155,TRUE,-0.178897759691425,-0.113529315442155,TRUE,"bad_leverage",3,"robust","cluster_block_order",0,0,FALSE
"7",-0.785468722935309,-0.0243545340907215,TRUE,-0.785468722935309,-0.0243545340907215,TRUE,"bad_leverage",3,"robust","cluster_block_order",0,0,FALSE
"8",0.703651838402752,-0.0543772491119082,TRUE,0.703651838402752,-0.0543772491119082,TRUE,"bad_leverage",3,"robust","cluster_block_order",0,0,FALSE
"9",0.547301614473798,-0.0136685573698455,TRUE,0.547301614473798,-0.0136685573698455,TRUE,"bad_leverage",3,"robust","cluster_block_order",0,0,FALSE
"1",-0.280875288237863,0.0274713989827865,TRUE,-0.280873568810811,0.0274711024119701,TRUE,"bad_leverage",3,"robust","global_row_order",1.71942705212702e-06,2.96570816359781e-07,FALSE
"10",1.09246374426843,0.0799899380194017,TRUE,1.09246376730473,0.0799899193025553,TRUE,"bad_leverage",3,"robust","global_row_order",2.30362966480158e-08,1.87168464338416e-08,FALSE
"2",-0.217994041010365,-0.244741454647882,TRUE,-0.218014238286877,-0.244735823245656,TRUE,"bad_leverage",3,"robust","global_row_order",2.01972765112302e-05,5.63140222581415e-06,FALSE
"3",0.936336811880997,-0.163888567446359,TRUE,0.936336811880997,-0.16388856744636,TRUE,"bad_leverage",3,"robust","global_row_order",0,1.38777878078145e-16,FALSE
"4",-0.225429510223039,-0.170963457961712,TRUE,-0.225429500288559,-0.170963464714593,TRUE,"bad_leverage",3,"robust","global_row_order",9.93447998864916e-09,6.75288086560144e-09,FALSE
"5",0.923567168439456,-0.098746290146781,TRUE,0.923567168335107,-0.0987462901946732,TRUE,"bad_leverage",3,"robust","global_row_order",1.04349195950704e-10,4.78922179691921e-11,FALSE
"6",-0.178897759691425,-0.113529315442155,TRUE,-0.178897752196015,-0.113529317463854,TRUE,"bad_leverage",3,"robust","global_row_order",7.49541015365729e-09,2.0216982671295e-09,FALSE
"7",-0.785468722935309,-0.0243545340907215,TRUE,-0.785468014903008,-0.0243545044371733,TRUE,"bad_leverage",3,"robust","global_row_order",7.08032300122952e-07,2.96535482141591e-08,FALSE
"8",0.703651838402752,-0.0543772491119082,TRUE,0.703651750386091,-0.0543772544517134,TRUE,"bad_leverage",3,"robust","global_row_order",8.80166612926558e-08,5.33980518829802e-09,FALSE
"9",0.547301614473798,-0.0136685573698455,TRUE,0.547301613178292,-0.013668558280625,TRUE,"bad_leverage",3,"robust","global_row_order",1.29550647987031e-09,9.10779502164005e-10,FALSE
"1",-0.284807377376679,0.028488442825082,TRUE,-0.284807377376679,0.028488442825082,TRUE,"bad_leverage",3,"robustbase","exact_repeat",0,0,FALSE
"10",0.968293702627097,-0.0301010098931228,TRUE,0.968293702627097,-0.0301010098931228,TRUE,"bad_leverage",3,"robustbase","exact_repeat",0,0,FALSE
"2",-0.172150040537096,-0.255304566620674,TRUE,-0.172150040537096,-0.255304566620674,TRUE,"bad_leverage",3,"robustbase","exact_repeat",0,0,FALSE
"3",0.97473078042134,-0.162377284644262,TRUE,0.97473078042134,-0.162377284644262,TRUE,"bad_leverage",3,"robustbase","exact_repeat",0,0,FALSE
"4",-0.229677050948782,-0.172411422951352,TRUE,-0.229677050948782,-0.172411422951352,TRUE,"bad_leverage",3,"robustbase","exact_repeat",0,0,FALSE
"5",0.918224872362846,-0.110898541889755,TRUE,0.918224872362846,-0.110898541889755,TRUE,"bad_leverage",3,"robustbase","exact_repeat",0,0,FALSE
"6",-0.218959906771773,-0.110117324674616,TRUE,-0.218959906771773,-0.110117324674616,TRUE,"bad_leverage",3,"robustbase","exact_repeat",0,0,FALSE
"7",-0.865732120872246,0.0397444839055084,TRUE,-0.865732120872246,0.0397444839055084,TRUE,"bad_leverage",3,"robustbase","exact_repeat",0,0,FALSE
"8",0.677500791796615,-0.0613633108363147,TRUE,0.677500791796615,-0.0613633108363147,TRUE,"bad_leverage",3,"robustbase","exact_repeat",0,0,FALSE
"9",0.551769869194884,-0.013160815550268,TRUE,0.551769869194884,-0.013160815550268,TRUE,"bad_leverage",3,"robustbase","exact_repeat",0,0,FALSE
"1",-0.284807377376679,0.028488442825082,TRUE,-0.284807377376671,0.0284884428250804,TRUE,"bad_leverage",3,"robustbase","within_cluster_row_order",8.27116153345742e-15,1.59594559789866e-15,FALSE
"10",0.968293702627097,-0.0301010098931228,TRUE,0.968293709213658,-0.0301010012390701,TRUE,"bad_leverage",3,"robustbase","within_cluster_row_order",6.58656074126185e-09,8.65405275912723e-09,FALSE
"2",-0.172150040537096,-0.255304566620674,TRUE,-0.172150040544011,-0.255304566605541,TRUE,"bad_leverage",3,"robustbase","within_cluster_row_order",6.91546819808764e-12,1.5132839426002e-11,FALSE
"3",0.97473078042134,-0.162377284644262,TRUE,0.974730780421332,-0.162377284644259,TRUE,"bad_leverage",3,"robustbase","within_cluster_row_order",7.99360577730113e-15,2.58126853225349e-15,FALSE
"4",-0.229677050948782,-0.172411422951352,TRUE,-0.229677049639709,-0.172411422224887,TRUE,"bad_leverage",3,"robustbase","within_cluster_row_order",1.30907357176469e-09,7.26464277622796e-10,FALSE
"5",0.918224872362846,-0.110898541889755,TRUE,0.918224872363398,-0.110898541888701,TRUE,"bad_leverage",3,"robustbase","within_cluster_row_order",5.5211391014609e-13,1.05465636224267e-12,FALSE
"6",-0.218959906771773,-0.110117324674616,TRUE,-0.218959906771772,-0.110117324674616,TRUE,"bad_leverage",3,"robustbase","within_cluster_row_order",5.55111512312578e-17,8.32667268468867e-17,FALSE
"7",-0.865732120872246,0.0397444839055084,TRUE,-0.865732121283022,0.0397444842172482,TRUE,"bad_leverage",3,"robustbase","within_cluster_row_order",4.10776523906975e-10,3.11739876968087e-10,FALSE
"8",0.677500791796615,-0.0613633108363147,TRUE,0.677500791796611,-0.0613633108363141,TRUE,"bad_leverage",3,"robustbase","within_cluster_row_order",4.32986979603811e-15,5.34294830600857e-16,FALSE
"9",0.551769869194884,-0.013160815550268,TRUE,0.551769869194884,-0.0131608155502675,TRUE,"bad_leverage",3,"robustbase","within_cluster_row_order",1.11022302462516e-16,5.10008701937181e-16,FALSE
"1",-0.284807377376679,0.028488442825082,TRUE,-0.284807377376668,0.02848844282508,TRUE,"bad_leverage",3,"robustbase","cluster_block_order",1.0769163338864e-14,2.09207651202803e-15,FALSE
"10",0.968293702627097,-0.0301010098931228,TRUE,0.968293707812693,-0.0301010030797927,TRUE,"bad_leverage",3,"robustbase","cluster_block_order",5.18559528650542e-09,6.81333013966001e-09,FALSE
"2",-0.172150040537096,-0.255304566620674,TRUE,-0.172150040537096,-0.255304566620674,TRUE,"bad_leverage",3,"robustbase","cluster_block_order",0,0,FALSE
"3",0.97473078042134,-0.162377284644262,TRUE,0.974730780421341,-0.162377284644259,TRUE,"bad_leverage",3,"robustbase","cluster_block_order",4.44089209850063e-16,2.96984659087229e-15,FALSE
"4",-0.229677050948782,-0.172411422951352,TRUE,-0.229677050948782,-0.172411422951352,TRUE,"bad_leverage",3,"robustbase","cluster_block_order",0,0,FALSE
"5",0.918224872362846,-0.110898541889755,TRUE,0.918224872363209,-0.110898541889034,TRUE,"bad_leverage",3,"robustbase","cluster_block_order",3.63042929052426e-13,7.21159243433078e-13,FALSE
"6",-0.218959906771773,-0.110117324674616,TRUE,-0.218959906771773,-0.110117324674616,TRUE,"bad_leverage",3,"robustbase","cluster_block_order",0,0,FALSE
"7",-0.865732120872246,0.0397444839055084,TRUE,-0.865732121283023,0.0397444842172483,TRUE,"bad_leverage",3,"robustbase","cluster_block_order",4.10776634929277e-10,3.11739932479238e-10,FALSE
"8",0.677500791796615,-0.0613633108363147,TRUE,0.677500791796616,-0.0613633108363148,TRUE,"bad_leverage",3,"robustbase","cluster_block_order",8.88178419700125e-16,1.45716771982052e-16,FALSE
"9",0.551769869194884,-0.013160815550268,TRUE,0.551769869194884,-0.0131608155502675,TRUE,"bad_leverage",3,"robustbase","cluster_block_order",1.11022302462516e-16,5.11743425413158e-16,FALSE
"1",-0.284807377376679,0.028488442825082,TRUE,-0.284807377376679,0.028488442825082,TRUE,"bad_leverage",3,"robustbase","global_row_order",1.66533453693773e-16,3.12250225675825e-17,FALSE
"10",0.968293702627097,-0.0301010098931228,TRUE,0.968293707812693,-0.0301010030797927,TRUE,"bad_leverage",3,"robustbase","global_row_order",5.18559517548312e-09,6.81333009802665e-09,FALSE
"2",-0.172150040537096,-0.255304566620674,TRUE,-0.172150040526176,-0.255304566644571,TRUE,"bad_leverage",3,"robustbase","global_row_order",1.09201814257887e-11,2.3896717937788e-11,FALSE
"3",0.97473078042134,-0.162377284644262,TRUE,0.974730780421332,-0.162377284644262,TRUE,"bad_leverage",3,"robustbase","global_row_order",8.21565038222616e-15,1.94289029309402e-16,FALSE
"4",-0.229677050948782,-0.172411422951352,TRUE,-0.229677050948782,-0.172411422951352,TRUE,"bad_leverage",3,"robustbase","global_row_order",2.77555756156289e-17,0,FALSE
"5",0.918224872362846,-0.110898541889755,TRUE,0.91822487236286,-0.1108985418897,TRUE,"bad_leverage",3,"robustbase","global_row_order",1.3988810110277e-14,5.52474732629094e-14,FALSE
"6",-0.218959906771773,-0.110117324674616,TRUE,-0.218959906771773,-0.110117324674616,TRUE,"bad_leverage",3,"robustbase","global_row_order",2.77555756156289e-17,9.71445146547012e-17,FALSE
"7",-0.865732120872246,0.0397444839055084,TRUE,-0.865732131889331,0.0397444922664128,TRUE,"bad_leverage",3,"robustbase","global_row_order",1.1017085022047e-08,8.36090440631265e-09,FALSE
"8",0.677500791796615,-0.0613633108363147,TRUE,0.677500791796611,-0.0613633108363142,TRUE,"bad_leverage",3,"robustbase","global_row_order",4.66293670342566e-15,4.92661467177413e-16,FALSE
"9",0.551769869194884,-0.013160815550268,TRUE,0.551769869194884,-0.0131608155502681,TRUE,"bad_leverage",3,"robustbase","global_row_order",4.44089209850063e-16,5.72458747072346e-17,FALSE
"1",0.328903794645715,0.127469801107874,TRUE,0.328903794645715,0.127469801107874,TRUE,"bad_leverage",4,"robust","exact_repeat",0,0,FALSE
"10",-0.00958259326642186,0.0292937203807825,TRUE,-0.00958259326642186,0.0292937203807825,TRUE,"bad_leverage",4,"robust","exact_repeat",0,0,FALSE
"2",1.36398388055115,0.0907912407937135,TRUE,1.36398388055115,0.0907912407937135,TRUE,"bad_leverage",4,"robust","exact_repeat",0,0,FALSE
"3",1.3946154618098,-0.0890022770322364,TRUE,1.3946154618098,-0.0890022770322364,TRUE,"bad_leverage",4,"robust","exact_repeat",0,0,FALSE
"4",-0.495952071875544,0.0444773498974766,TRUE,-0.495952071875544,0.0444773498974766,TRUE,"bad_leverage",4,"robust","exact_repeat",0,0,FALSE
"5",-0.0646428261906619,0.229049412216591,TRUE,-0.0646428261906619,0.229049412216591,TRUE,"bad_leverage",4,"robust","exact_repeat",0,0,FALSE
"6",-0.0380310771189632,-0.228231442701842,TRUE,-0.0380310771189632,-0.228231442701842,TRUE,"bad_leverage",4,"robust","exact_repeat",0,0,FALSE
"7",1.20410851807832,0.00680220647660939,TRUE,1.20410851807832,0.00680220647660939,TRUE,"bad_leverage",4,"robust","exact_repeat",0,0,FALSE
"8",-3.42559474940822,-0.201810000930187,TRUE,-3.42559474940822,-0.201810000930187,TRUE,"bad_leverage",4,"robust","exact_repeat",0,0,FALSE
"9",0.111551632292593,-0.145996295952318,TRUE,0.111551632292593,-0.145996295952318,TRUE,"bad_leverage",4,"robust","exact_repeat",0,0,FALSE
"1",0.328903794645715,0.127469801107874,TRUE,0.328903303427138,0.12747002039749,TRUE,"bad_leverage",4,"robust","within_cluster_row_order",4.91218577314267e-07,2.19289615577267e-07,FALSE
"10",-0.00958259326642186,0.0292937203807825,TRUE,-0.00958277473101602,0.029293674947874,TRUE,"bad_leverage",4,"robust","within_cluster_row_order",1.81464594153219e-07,4.54329085151917e-08,FALSE
"2",1.36398388055115,0.0907912407937135,TRUE,1.36398595743411,0.0907907769744858,TRUE,"bad_leverage",4,"robust","within_cluster_row_order",2.07688296338659e-06,4.63819227775053e-07,FALSE
"3",1.3946154618098,-0.0890022770322364,TRUE,1.3946154618098,-0.0890022770322364,TRUE,"bad_leverage",4,"robust","within_cluster_row_order",0,0,FALSE
"4",-0.495952071875544,0.0444773498974766,TRUE,-0.49595206737898,0.0444773527235507,TRUE,"bad_leverage",4,"robust","within_cluster_row_order",4.4965641765593e-09,2.82607409696212e-09,FALSE
"5",-0.0646428261906619,0.229049412216591,TRUE,-0.0646428261906618,0.229049412216591,TRUE,"bad_leverage",4,"robust","within_cluster_row_order",1.2490009027033e-16,2.77555756156289e-17,FALSE
"6",-0.0380310771189632,-0.228231442701842,TRUE,-0.0380310771189631,-0.228231442701842,TRUE,"bad_leverage",4,"robust","within_cluster_row_order",2.77555756156289e-17,5.55111512312578e-17,FALSE
"7",1.20410851807832,0.00680220647660939,TRUE,1.20410848122612,0.00680221744398527,TRUE,"bad_leverage",4,"robust","within_cluster_row_order",3.68522008464822e-08,1.09673758815973e-08,FALSE
"8",-3.42559474940822,-0.201810000930187,TRUE,-3.42559507851411,-0.201810100042723,TRUE,"bad_leverage",4,"robust","within_cluster_row_order",3.29105882990177e-07,9.91125357896472e-08,FALSE
"9",0.111551632292593,-0.145996295952318,TRUE,0.11155133779535,-0.145995995580175,TRUE,"bad_leverage",4,"robust","within_cluster_row_order",2.94497243008562e-07,3.0037214332479e-07,FALSE
"1",0.328903794645715,0.127469801107874,TRUE,0.328903794645715,0.127469801107874,TRUE,"bad_leverage",4,"robust","cluster_block_order",0,0,FALSE
"10",-0.00958259326642186,0.0292937203807825,TRUE,-0.00958259326642186,0.0292937203807825,TRUE,"bad_leverage",4,"robust","cluster_block_order",0,0,FALSE
"2",1.36398388055115,0.0907912407937135,TRUE,1.36398388055115,0.0907912407937135,TRUE,"bad_leverage",4,"robust","cluster_block_order",0,0,FALSE
"3",1.3946154618098,-0.0890022770322364,TRUE,1.3946154618098,-0.0890022770322364,TRUE,"bad_leverage",4,"robust","cluster_block_order",0,0,FALSE
"4",-0.495952071875544,0.0444773498974766,TRUE,-0.495952071875544,0.0444773498974766,TRUE,"bad_leverage",4,"robust","cluster_block_order",0,0,FALSE
"5",-0.0646428261906619,0.229049412216591,TRUE,-0.0646428261906619,0.229049412216591,TRUE,"bad_leverage",4,"robust","cluster_block_order",0,0,FALSE
"6",-0.0380310771189632,-0.228231442701842,TRUE,-0.0380310771189632,-0.228231442701842,TRUE,"bad_leverage",4,"robust","cluster_block_order",0,0,FALSE
"7",1.20410851807832,0.00680220647660939,TRUE,1.20410851807832,0.00680220647660939,TRUE,"bad_leverage",4,"robust","cluster_block_order",0,0,FALSE
"8",-3.42559474940822,-0.201810000930187,TRUE,-3.42559474940822,-0.201810000930187,TRUE,"bad_leverage",4,"robust","cluster_block_order",0,0,FALSE
"9",0.111551632292593,-0.145996295952318,TRUE,0.111551632292593,-0.145996295952318,TRUE,"bad_leverage",4,"robust","cluster_block_order",0,0,FALSE
"1",0.328903794645715,0.127469801107874,TRUE,0.328903298343118,0.127470022666803,TRUE,"bad_leverage",4,"robust","global_row_order",4.96302596741938e-07,2.21558928481524e-07,FALSE
"10",-0.00958259326642186,0.0292937203807825,TRUE,-0.0095825936044898,0.0292937202961411,TRUE,"bad_leverage",4,"robust","global_row_order",3.380679312881e-10,8.46414674460227e-11,FALSE
"2",1.36398388055115,0.0907912407937135,TRUE,1.36398389187617,0.0907912382645578,TRUE,"bad_leverage",4,"robust","global_row_order",1.13250169242463e-08,2.52915577370061e-09,FALSE
"3",1.3946154618098,-0.0890022770322364,TRUE,1.3946154618098,-0.0890022770322364,TRUE,"bad_leverage",4,"robust","global_row_order",0,1.38777878078145e-17,FALSE
"4",-0.495952071875544,0.0444773498974766,TRUE,-0.495952060054355,0.0444773573270503,TRUE,"bad_leverage",4,"robust","global_row_order",1.18211884170272e-08,7.42957362992458e-09,FALSE
"5",-0.0646428261906619,0.229049412216591,TRUE,-0.0646428261906619,0.229049412216591,TRUE,"bad_leverage",4,"robust","global_row_order",1.38777878078145e-17,2.77555756156289e-17,FALSE
"6",-0.0380310771189632,-0.228231442701842,TRUE,-0.0380310771189632,-0.228231442701842,TRUE,"bad_leverage",4,"robust","global_row_order",3.46944695195361e-17,5.55111512312578e-17,FALSE
"7",1.20410851807832,0.00680220647660939,TRUE,1.20410839874561,0.00680224199080401,TRUE,"bad_leverage",4,"robust","global_row_order",1.19332710157849e-07,3.5514194613763e-08,FALSE
"8",-3.42559474940822,-0.201810000930187,TRUE,-3.42559477110641,-0.201810007464937,TRUE,"bad_leverage",4,"robust","global_row_order",2.16981885792222e-08,6.53474999112724e-09,FALSE
"9",0.111551632292593,-0.145996295952318,TRUE,0.111551337515268,-0.14599599529451,TRUE,"bad_leverage",4,"robust","global_row_order",2.94777325132722e-07,3.00657808094407e-07,FALSE
"1",0.292893299031801,0.125695751072629,TRUE,0.292893299031801,0.125695751072629,TRUE,"bad_leverage",4,"robustbase","exact_repeat",0,0,FALSE
"10",-0.0131042392989954,-0.0247763724986429,TRUE,-0.0131042392989954,-0.0247763724986429,TRUE,"bad_leverage",4,"robustbase","exact_repeat",0,0,FALSE
"2",1.34860981702186,0.0834653382670827,TRUE,1.34860981702186,0.0834653382670827,TRUE,"bad_leverage",4,"robustbase","exact_repeat",0,0,FALSE
"3",1.39648080711016,-0.0887984060349012,TRUE,1.39648080711016,-0.0887984060349012,TRUE,"bad_leverage",4,"robustbase","exact_repeat",0,0,FALSE
"4",-0.497151608168919,0.0345248441839679,TRUE,-0.497151608168919,0.0345248441839679,TRUE,"bad_leverage",4,"robustbase","exact_repeat",0,0,FALSE
"5",-0.0690793333946291,0.235412497065143,TRUE,-0.0690793333946291,0.235412497065143,TRUE,"bad_leverage",4,"robustbase","exact_repeat",0,0,FALSE
"6",-0.0370895379027284,-0.221724994749209,TRUE,-0.0370895379027284,-0.221724994749209,TRUE,"bad_leverage",4,"robustbase","exact_repeat",0,0,FALSE
"7",1.24100672674769,0.0316876016009888,TRUE,1.24100672674769,0.0316876016009888,TRUE,"bad_leverage",4,"robustbase","exact_repeat",0,0,FALSE
"8",-3.4906162910774,-0.181303740501856,TRUE,-3.4906162910774,-0.181303740501856,TRUE,"bad_leverage",4,"robustbase","exact_repeat",0,0,FALSE
"9",0.0651076644839552,-0.13406463133225,TRUE,0.0651076644839552,-0.13406463133225,TRUE,"bad_leverage",4,"robustbase","exact_repeat",0,0,FALSE
"1",0.292893299031801,0.125695751072629,TRUE,0.292893299031802,0.125695751072629,TRUE,"bad_leverage",4,"robustbase","within_cluster_row_order",3.33066907387547e-16,0,FALSE
"10",-0.0131042392989954,-0.0247763724986429,TRUE,-0.0131042392991508,-0.0247763725120024,TRUE,"bad_leverage",4,"robustbase","within_cluster_row_order",1.55330609485915e-13,1.33594454942987e-11,FALSE
"2",1.34860981702186,0.0834653382670827,TRUE,1.34860981735358,0.0834653383767227,TRUE,"bad_leverage",4,"robustbase","within_cluster_row_order",3.31722205260121e-10,1.0964006091907e-10,FALSE
"3",1.39648080711016,-0.0887984060349012,TRUE,1.39648080711016,-0.0887984060349011,TRUE,"bad_leverage",4,"robustbase","within_cluster_row_order",8.88178419700125e-16,1.11022302462516e-16,FALSE
"4",-0.497151608168919,0.0345248441839679,TRUE,-0.497151608002983,0.0345248442170257,TRUE,"bad_leverage",4,"robustbase","within_cluster_row_order",1.65936042684223e-10,3.30577717977398e-11,FALSE
"5",-0.0690793333946291,0.235412497065143,TRUE,-0.0690793333946302,0.235412497065143,TRUE,"bad_leverage",4,"robustbase","within_cluster_row_order",1.11022302462516e-15,6.93889390390723e-16,FALSE
"6",-0.0370895379027284,-0.221724994749209,TRUE,-0.0370895379027284,-0.221724994749209,TRUE,"bad_leverage",4,"robustbase","within_cluster_row_order",1.38777878078145e-17,0,FALSE
"7",1.24100672674769,0.0316876016009888,TRUE,1.24100672673657,0.0316876016004324,TRUE,"bad_leverage",4,"robustbase","within_cluster_row_order",1.1121770171485e-11,5.56457657729936e-13,FALSE
"8",-3.4906162910774,-0.181303740501856,TRUE,-3.49061629968316,-0.181303748251493,TRUE,"bad_leverage",4,"robustbase","within_cluster_row_order",8.6057676540463e-09,7.74963651584137e-09,FALSE
"9",0.0651076644839552,-0.13406463133225,TRUE,0.0651076644839551,-0.13406463133225,TRUE,"bad_leverage",4,"robustbase","within_cluster_row_order",5.55111512312578e-17,8.32667268468867e-17,FALSE
"1",0.292893299031801,0.125695751072629,TRUE,0.292893299031801,0.125695751072629,TRUE,"bad_leverage",4,"robustbase","cluster_block_order",0,0,FALSE
"10",-0.0131042392989954,-0.0247763724986429,TRUE,-0.0131042392985451,-0.0247763724599178,TRUE,"bad_leverage",4,"robustbase","cluster_block_order",4.5029084627668e-13,3.87250995159683e-11,FALSE
"2",1.34860981702186,0.0834653382670827,TRUE,1.34860981702186,0.0834653382670827,TRUE,"bad_leverage",4,"robustbase","cluster_block_order",0,0,FALSE
"3",1.39648080711016,-0.0887984060349012,TRUE,1.39648080711016,-0.0887984060349012,TRUE,"bad_leverage",4,"robustbase","cluster_block_order",0,0,FALSE
"4",-0.497151608168919,0.0345248441839679,TRUE,-0.497151608002983,0.0345248442170257,TRUE,"bad_leverage",4,"robustbase","cluster_block_order",1.65936042684223e-10,3.30577926144215e-11,FALSE
"5",-0.0690793333946291,0.235412497065143,TRUE,-0.0690793333946279,0.23541249706514,TRUE,"bad_leverage",4,"robustbase","cluster_block_order",1.2490009027033e-15,3.44169137633799e-15,FALSE
"6",-0.0370895379027284,-0.221724994749209,TRUE,-0.0370895379027284,-0.221724994749209,TRUE,"bad_leverage",4,"robustbase","cluster_block_order",4.85722573273506e-17,0,FALSE
"7",1.24100672674769,0.0316876016009888,TRUE,1.24100672673686,0.0316876016004465,TRUE,"bad_leverage",4,"robustbase","cluster_block_order",1.08317799174529e-11,5.42302314165966e-13,FALSE
"8",-3.4906162910774,-0.181303740501856,TRUE,-3.49061629314252,-0.181303742361671,TRUE,"bad_leverage",4,"robustbase","cluster_block_order",2.06512629219446e-09,1.85981507971889e-09,FALSE
"9",0.0651076644839552,-0.13406463133225,TRUE,0.0651076644839552,-0.13406463133225,TRUE,"bad_leverage",4,"robustbase","cluster_block_order",1.38777878078145e-17,0,FALSE
"1",0.292893299031801,0.125695751072629,TRUE,0.29289329878413,0.125695750988439,TRUE,"bad_leverage",4,"robustbase","global_row_order",2.47671605446698e-10,8.41899050474382e-11,FALSE
"10",-0.0131042392989954,-0.0247763724986429,TRUE,-0.0131042392985451,-0.0247763724599178,TRUE,"bad_leverage",4,"robustbase","global_row_order",4.50311662958391e-13,3.87251480882256e-11,FALSE
"2",1.34860981702186,0.0834653382670827,TRUE,1.34860981702186,0.0834653382670826,TRUE,"bad_leverage",4,"robustbase","global_row_order",2.22044604925031e-16,5.55111512312578e-17,FALSE
"3",1.39648080711016,-0.0887984060349012,TRUE,1.39648080711016,-0.0887984060349037,TRUE,"bad_leverage",4,"robustbase","global_row_order",5.10702591327572e-15,2.56739074444567e-15,FALSE
"4",-0.497151608168919,0.0345248441839679,TRUE,-0.49715160880216,0.0345248440578136,TRUE,"bad_leverage",4,"robustbase","global_row_order",6.33241070691071e-10,1.26154232893416e-10,FALSE
"5",-0.0690793333946291,0.235412497065143,TRUE,-0.0690793333946302,0.235412497065143,TRUE,"bad_leverage",4,"robustbase","global_row_order",1.12410081243297e-15,6.38378239159465e-16,FALSE
"6",-0.0370895379027284,-0.221724994749209,TRUE,-0.0370895379027284,-0.221724994749209,TRUE,"bad_leverage",4,"robustbase","global_row_order",2.08166817117217e-17,1.11022302462516e-16,FALSE
"7",1.24100672674769,0.0316876016009888,TRUE,1.24100672673686,0.0316876016004465,TRUE,"bad_leverage",4,"robustbase","global_row_order",1.08311137836381e-11,5.42288436378158e-13,FALSE
"8",-3.4906162910774,-0.181303740501856,TRUE,-3.49061629691316,-0.181303745757059,TRUE,"bad_leverage",4,"robustbase","global_row_order",5.83576742485548e-09,5.25520227334653e-09,FALSE
"9",0.0651076644839552,-0.13406463133225,TRUE,0.0651076644839566,-0.13406463133225,TRUE,"bad_leverage",4,"robustbase","global_row_order",1.4432899320127e-15,5.55111512312578e-16,FALSE
"1",1.27276301708311,-0.00953682602219928,TRUE,1.27276301708311,-0.00953682602219928,TRUE,"bad_leverage",5,"robust","exact_repeat",0,0,FALSE
"10",0.588143521371309,-0.141070366970439,TRUE,0.588143521371309,-0.141070366970439,TRUE,"bad_leverage",5,"robust","exact_repeat",0,0,FALSE
"2",-1.83370809938265,0.0457571862411162,TRUE,-1.83370809938265,0.0457571862411162,TRUE,"bad_leverage",5,"robust","exact_repeat",0,0,FALSE
"3",-0.175654724371996,-0.0910592891207703,TRUE,-0.175654724371996,-0.0910592891207703,TRUE,"bad_leverage",5,"robust","exact_repeat",0,0,FALSE
"4",-0.161835619642157,-0.0507157632980377,TRUE,-0.161835619642157,-0.0507157632980377,TRUE,"bad_leverage",5,"robust","exact_repeat",0,0,FALSE
"5",0.859174214266277,-0.0194629649773694,TRUE,0.859174214266277,-0.0194629649773694,TRUE,"bad_leverage",5,"robust","exact_repeat",0,0,FALSE
"6",0.250852616674814,-0.24014354869075,TRUE,0.250852616674814,-0.24014354869075,TRUE,"bad_leverage",5,"robust","exact_repeat",0,0,FALSE
"7",-0.00663460883622129,0.143228083009692,TRUE,-0.00663460883622129,0.143228083009692,TRUE,"bad_leverage",5,"robust","exact_repeat",0,0,FALSE
"8",0.763836786659267,0.0965971519696113,TRUE,0.763836786659267,0.0965971519696113,TRUE,"bad_leverage",5,"robust","exact_repeat",0,0,FALSE
"9",0.393169447297374,-0.201467411895691,TRUE,0.393169447297374,-0.201467411895691,TRUE,"bad_leverage",5,"robust","exact_repeat",0,0,FALSE
"1",1.27276301708311,-0.00953682602219928,TRUE,1.27276301762774,-0.00953682623493414,TRUE,"bad_leverage",5,"robust","within_cluster_row_order",5.44630562870907e-10,2.12734862711783e-10,FALSE
"10",0.588143521371309,-0.141070366970439,TRUE,0.588143521371309,-0.141070366970439,TRUE,"bad_leverage",5,"robust","within_cluster_row_order",1.11022302462516e-16,8.32667268468867e-17,FALSE
"2",-1.83370809938265,0.0457571862411162,TRUE,-1.83370809768927,0.0457571860795963,TRUE,"bad_leverage",5,"robust","within_cluster_row_order",1.69337388555846e-09,1.61519859986914e-10,FALSE
"3",-0.175654724371996,-0.0910592891207703,TRUE,-0.175654416480641,-0.0910590546818791,TRUE,"bad_leverage",5,"robust","within_cluster_row_order",3.0789135499476e-07,2.34438891258404e-07,FALSE
"4",-0.161835619642157,-0.0507157632980377,TRUE,-0.161835626505865,-0.0507157630725637,TRUE,"bad_leverage",5,"robust","within_cluster_row_order",6.86370765778932e-09,2.25473993642478e-10,FALSE
"5",0.859174214266277,-0.0194629649773694,TRUE,0.859174182347079,-0.0194629391030688,TRUE,"bad_leverage",5,"robust","within_cluster_row_order",3.19191975073352e-08,2.5874300646489e-08,FALSE
"6",0.250852616674814,-0.24014354869075,TRUE,0.250852669544442,-0.240143574061419,TRUE,"bad_leverage",5,"robust","within_cluster_row_order",5.28696278423446e-08,2.53706690378497e-08,FALSE
"7",-0.00663460883622129,0.143228083009692,TRUE,-0.00663463505538086,0.143228079891399,TRUE,"bad_leverage",5,"robust","within_cluster_row_order",2.62191595674227e-08,3.11829370658323e-09,FALSE
"8",0.763836786659267,0.0965971519696113,TRUE,0.763836879386795,0.0965972141584908,TRUE,"bad_leverage",5,"robust","within_cluster_row_order",9.27275277673445e-08,6.2188879490499e-08,FALSE
"9",0.393169447297374,-0.201467411895691,TRUE,0.393169422259852,-0.201467431052273,TRUE,"bad_leverage",5,"robust","within_cluster_row_order",2.50375216670484e-08,1.91565819318562e-08,FALSE
"1",1.27276301708311,-0.00953682602219928,TRUE,1.27276301708311,-0.00953682602219928,TRUE,"bad_leverage",5,"robust","cluster_block_order",0,0,FALSE
"10",0.588143521371309,-0.141070366970439,TRUE,0.588143521371309,-0.141070366970439,TRUE,"bad_leverage",5,"robust","cluster_block_order",0,0,FALSE
"2",-1.83370809938265,0.0457571862411162,TRUE,-1.83370809938265,0.0457571862411162,TRUE,"bad_leverage",5,"robust","cluster_block_order",0,0,FALSE
"3",-0.175654724371996,-0.0910592891207703,TRUE,-0.175654724371996,-0.0910592891207703,TRUE,"bad_leverage",5,"robust","cluster_block_order",0,0,FALSE
"4",-0.161835619642157,-0.0507157632980377,TRUE,-0.161835619642157,-0.0507157632980377,TRUE,"bad_leverage",5,"robust","cluster_block_order",0,0,FALSE
"5",0.859174214266277,-0.0194629649773694,TRUE,0.859174214266277,-0.0194629649773694,TRUE,"bad_leverage",5,"robust","cluster_block_order",0,0,FALSE
"6",0.250852616674814,-0.24014354869075,TRUE,0.250852616674814,-0.24014354869075,TRUE,"bad_leverage",5,"robust","cluster_block_order",0,0,FALSE
"7",-0.00663460883622129,0.143228083009692,TRUE,-0.00663460883622129,0.143228083009692,TRUE,"bad_leverage",5,"robust","cluster_block_order",0,0,FALSE
"8",0.763836786659267,0.0965971519696113,TRUE,0.763836786659267,0.0965971519696113,TRUE,"bad_leverage",5,"robust","cluster_block_order",0,0,FALSE
"9",0.393169447297374,-0.201467411895691,TRUE,0.393169447297374,-0.201467411895691,TRUE,"bad_leverage",5,"robust","cluster_block_order",0,0,FALSE
"1",1.27276301708311,-0.00953682602219928,TRUE,1.27276308868626,-0.00953685399060718,TRUE,"bad_leverage",5,"robust","global_row_order",7.16031456349242e-08,2.796840790735e-08,FALSE
"10",0.588143521371309,-0.141070366970439,TRUE,0.588143521371309,-0.141070366970439,TRUE,"bad_leverage",5,"robust","global_row_order",1.11022302462516e-16,5.55111512312578e-17,FALSE
"2",-1.83370809938265,0.0457571862411162,TRUE,-1.8337080961189,0.045757185929809,TRUE,"bad_leverage",5,"robust","global_row_order",3.26374882675395e-09,3.11307174483133e-10,FALSE
"3",-0.175654724371996,-0.0910592891207703,TRUE,-0.175549356476164,-0.0909790657196142,TRUE,"bad_leverage",5,"robust","global_row_order",0.000105367895831543,8.02234011561542e-05,FALSE
"4",-0.161835619642157,-0.0507157632980377,TRUE,-0.161835612916714,-0.0507157635189691,TRUE,"bad_leverage",5,"robust","global_row_order",6.72544325786006e-09,2.20931439809391e-10,FALSE
"5",0.859174214266277,-0.0194629649773694,TRUE,0.859153706344011,-0.0194463455426234,TRUE,"bad_leverage",5,"robust","global_row_order",2.05079222660443e-05,1.66194347460576e-05,FALSE
"6",0.250852616674814,-0.24014354869075,TRUE,0.250852552570598,-0.240143517928944,TRUE,"bad_leverage",5,"robust","global_row_order",6.41042159910121e-08,3.0761805797086e-08,FALSE
"7",-0.00663460883622129,0.143228083009692,TRUE,-0.00663489534722903,0.143228048934727,TRUE,"bad_leverage",5,"robust","global_row_order",2.86511007743448e-07,3.40749655991512e-08,FALSE
"8",0.763836786659267,0.0965971519696113,TRUE,0.763836879397598,0.0965972141657358,TRUE,"bad_leverage",5,"robust","global_row_order",9.27383307924856e-08,6.21961245006464e-08,FALSE
"9",0.393169447297374,-0.201467411895691,TRUE,0.393168318321528,-0.201468275732959,TRUE,"bad_leverage",5,"robust","global_row_order",1.12897584586547e-06,8.63837267550682e-07,FALSE
"1",1.35405972248121,0.0244927471856626,TRUE,1.35405972248121,0.0244927471856626,TRUE,"bad_leverage",5,"robustbase","exact_repeat",0,0,FALSE
"10",0.601960799541909,-0.143432272985586,TRUE,0.601960799541909,-0.143432272985586,TRUE,"bad_leverage",5,"robustbase","exact_repeat",0,0,FALSE
"2",-1.77622081459797,0.0507772018170038,TRUE,-1.77622081459797,0.0507772018170038,TRUE,"bad_leverage",5,"robustbase","exact_repeat",0,0,FALSE
"3",-0.200191583878233,-0.0836342804634764,TRUE,-0.200191583878233,-0.0836342804634764,TRUE,"bad_leverage",5,"robustbase","exact_repeat",0,0,FALSE
"4",-0.180657174126596,-0.0383038061254242,TRUE,-0.180657174126596,-0.0383038061254242,TRUE,"bad_leverage",5,"robustbase","exact_repeat",0,0,FALSE
"5",0.864633643374681,-0.0243357075954922,TRUE,0.864633643374681,-0.0243357075954922,TRUE,"bad_leverage",5,"robustbase","exact_repeat",0,0,FALSE
"6",0.245718021887159,-0.231139647819224,TRUE,0.245718021887159,-0.231139647819224,TRUE,"bad_leverage",5,"robustbase","exact_repeat",0,0,FALSE
"7",0.05590431857879,0.0331019674311645,TRUE,0.05590431857879,0.0331019674311645,TRUE,"bad_leverage",5,"robustbase","exact_repeat",0,0,FALSE
"8",0.770886751991937,0.10607957900367,TRUE,0.770886751991937,0.10607957900367,TRUE,"bad_leverage",5,"robustbase","exact_repeat",0,0,FALSE
"9",0.562818546130699,-0.0889925441979784,TRUE,0.562818546130699,-0.0889925441979784,TRUE,"bad_leverage",5,"robustbase","exact_repeat",0,0,FALSE
"1",1.35405972248121,0.0244927471856626,TRUE,1.35405971828858,0.0244927485793111,TRUE,"bad_leverage",5,"robustbase","within_cluster_row_order",4.19263601614261e-09,1.39364846399315e-09,FALSE
"10",0.601960799541909,-0.143432272985586,TRUE,0.601960799541913,-0.143432272985586,TRUE,"bad_leverage",5,"robustbase","within_cluster_row_order",3.77475828372553e-15,1.11022302462516e-16,FALSE
"2",-1.77622081459797,0.0507772018170038,TRUE,-1.7762208145981,0.0507772018170259,TRUE,"bad_leverage",5,"robustbase","within_cluster_row_order",1.27231558622043e-13,2.20587437205211e-14,FALSE
"3",-0.200191583878233,-0.0836342804634764,TRUE,-0.200191583552494,-0.0836342797831172,TRUE,"bad_leverage",5,"robustbase","within_cluster_row_order",3.25738991335811e-10,6.80359144022979e-10,FALSE
"4",-0.180657174126596,-0.0383038061254242,TRUE,-0.180657174126554,-0.0383038061254406,TRUE,"bad_leverage",5,"robustbase","within_cluster_row_order",4.11060074867464e-14,1.64243618705484e-14,FALSE
"5",0.864633643374681,-0.0243357075954922,TRUE,0.864633578993758,-0.0243356658511868,TRUE,"bad_leverage",5,"robustbase","within_cluster_row_order",6.43809228151326e-08,4.174430533882e-08,FALSE
"6",0.245718021887159,-0.231139647819224,TRUE,0.245718021887157,-0.231139647819224,TRUE,"bad_leverage",5,"robustbase","within_cluster_row_order",1.33226762955019e-15,8.32667268468867e-17,FALSE
"7",0.05590431857879,0.0331019674311645,TRUE,0.0559043185787749,0.0331019674311266,TRUE,"bad_leverage",5,"robustbase","within_cluster_row_order",1.51476053922295e-14,3.79002385031413e-14,FALSE
"8",0.770886751991937,0.10607957900367,TRUE,0.770886751986017,0.106079579001122,TRUE,"bad_leverage",5,"robustbase","within_cluster_row_order",5.92059734572103e-12,2.5479063303635e-12,FALSE
"9",0.562818546130699,-0.0889925441979784,TRUE,0.5628185461307,-0.0889925441979785,TRUE,"bad_leverage",5,"robustbase","within_cluster_row_order",2.22044604925031e-16,6.93889390390723e-17,FALSE
"1",1.35405972248121,0.0244927471856626,TRUE,1.35405971828858,0.0244927485793111,TRUE,"bad_leverage",5,"robustbase","cluster_block_order",4.19263601614261e-09,1.39364847093204e-09,FALSE
"10",0.601960799541909,-0.143432272985586,TRUE,0.601960799541913,-0.143432272985586,TRUE,"bad_leverage",5,"robustbase","cluster_block_order",3.77475828372553e-15,1.66533453693773e-16,FALSE
"2",-1.77622081459797,0.0507772018170038,TRUE,-1.7762208146009,0.0507772018175429,TRUE,"bad_leverage",5,"robustbase","cluster_block_order",2.92632584830699e-12,5.39027156243321e-13,FALSE
"3",-0.200191583878233,-0.0836342804634764,TRUE,-0.200191583258988,-0.083634279170081,TRUE,"bad_leverage",5,"robustbase","cluster_block_order",6.19245293931314e-10,1.2933953769112e-09,FALSE
"4",-0.180657174126596,-0.0383038061254242,TRUE,-0.180657174126554,-0.0383038061254405,TRUE,"bad_leverage",5,"robustbase","cluster_block_order",4.11615186379777e-14,1.63757896132211e-14,FALSE
"5",0.864633643374681,-0.0243357075954922,TRUE,0.864633563889112,-0.024335656057403,TRUE,"bad_leverage",5,"robustbase","cluster_block_order",7.94855680164019e-08,5.15380891852324e-08,FALSE
"6",0.245718021887159,-0.231139647819224,TRUE,0.24571802188716,-0.231139647819224,TRUE,"bad_leverage",5,"robustbase","cluster_block_order",1.16573417585641e-15,1.94289029309402e-16,FALSE
"7",0.05590431857879,0.0331019674311645,TRUE,0.05590431857879,0.0331019674311645,TRUE,"bad_leverage",5,"robustbase","cluster_block_order",0,0,FALSE
"8",0.770886751991937,0.10607957900367,TRUE,0.770886751982024,0.106079578999397,TRUE,"bad_leverage",5,"robustbase","cluster_block_order",9.91329240918049e-12,4.27255453239184e-12,FALSE
"9",0.562818546130699,-0.0889925441979784,TRUE,0.562818546130699,-0.0889925441979784,TRUE,"bad_leverage",5,"robustbase","cluster_block_order",0,0,FALSE
"1",1.35405972248121,0.0244927471856626,TRUE,1.35405972032904,0.0244927479009851,TRUE,"bad_leverage",5,"robustbase","global_row_order",2.15217399457401e-09,7.15322485272951e-10,FALSE
"10",0.601960799541909,-0.143432272985586,TRUE,0.601960799541909,-0.143432272985586,TRUE,"bad_leverage",5,"robustbase","global_row_order",3.33066907387547e-16,1.38777878078145e-16,FALSE
"2",-1.77622081459797,0.0507772018170038,TRUE,-1.7762208145981,0.050777201817026,TRUE,"bad_leverage",5,"robustbase","global_row_order",1.27009514017118e-13,2.2142010447368e-14,FALSE
"3",-0.200191583878233,-0.0836342804634764,TRUE,-0.200191583658723,-0.0836342800049933,TRUE,"bad_leverage",5,"robustbase","global_row_order",2.19510326582295e-10,4.58483015441935e-10,FALSE
"4",-0.180657174126596,-0.0383038061254242,TRUE,-0.180657174126415,-0.0383038061254981,TRUE,"bad_leverage",5,"robustbase","global_row_order",1.80661041682129e-13,7.39686090156511e-14,FALSE
"5",0.864633643374681,-0.0243357075954922,TRUE,0.864633643374681,-0.0243357075954921,TRUE,"bad_leverage",5,"robustbase","global_row_order",2.22044604925031e-16,7.97972798949331e-17,FALSE
"6",0.245718021887159,-0.231139647819224,TRUE,0.24571802188716,-0.231139647819224,TRUE,"bad_leverage",5,"robustbase","global_row_order",1.27675647831893e-15,1.94289029309402e-16,FALSE
"7",0.05590431857879,0.0331019674311645,TRUE,0.055904318578813,0.033101967431222,TRUE,"bad_leverage",5,"robustbase","global_row_order",2.3037127760972e-14,5.74956748877753e-14,FALSE
"8",0.770886751991937,0.10607957900367,TRUE,0.770886751982023,0.106079578999397,TRUE,"bad_leverage",5,"robustbase","global_row_order",9.91362547608787e-12,4.27259616575526e-12,FALSE
"9",0.562818546130699,-0.0889925441979784,TRUE,0.562818544350587,-0.0889925480256816,TRUE,"bad_leverage",5,"robustbase","global_row_order",1.78011205775874e-09,3.82770318219094e-09,FALSE
